1,1,Debidwar,দেবিদ্বার,debidwar.comilla.gov.bd,23.5797482,90.99808648,false,239.26585137,471927
2,1,Barura,বরুড়া,barura.comilla.gov.bd,23.35688513,91.04002614,false,246.51727489,456341
3,1,Brahmanpara,ব্রাহ্মণপাড়া,brahmanpara.comilla.gov.bd,23.64701097,91.09595838,false,128.33301725,232628
4,1,Chandina,চান্দিনা,chandina.comilla.gov.bd,23.44627926,90.94481512,false,200.02010088,394874
5,1,Chauddagram,চৌদ্দগ্রাম,chauddagram.comilla.gov.bd,23.22183679,91.27969434,false,273.9433477,501815
6,1,Daudkandi,দাউদকান্দি,daudkandi.comilla.gov.bd,23.50293787,90.77310239,false,218.97500355,406405
7,1,Homna,হোমনা,homna.comilla.gov.bd,23.68000235,90.81149876,false,124.14491701,227534
8,1,Laksam,লাকসাম,laksam.comilla.gov.bd,23.23144364,91.10487647,false,140.60301139,333729
9,1,Muradnagar,মুরাদনগর,muradnagar.comilla.gov.bd,23.67809628,90.94281174,false,341.71616837,582950
10,1,Nangalkot,নাঙ্গলকোট,nangalkot.comilla.gov.bd,23.14025225,91.20909928,false,235.25047473,427895
11,1,Comilla Sadar,কুমিল্লা সদর,comillasadar.comilla.gov.bd,23.47977528,91.15674514,false,111.54599946,388436
12,1,Meghna,মেঘনা,meghna.comilla.gov.bd,23.62583999,90.69021175,false,110.01229308,118806
13,1,Monohargonj,মনোহরগঞ্জ,monohargonj.comilla.gov.bd,23.13846962,91.0667073,false,163.34629634,275715
14,1,Sadarsouth,সদর দক্ষিণ,sadarsouth.comilla.gov.bd,23.38833515,91.20221146,false,112.67011971,184331
15,1,Titas,তিতাস,titas.comilla.gov.bd,23.59090553,90.79551033,false,110.82023471,203953
16,1,Burichang,বুড়িচং,burichang.comilla.gov.bd,23.53518256,91.11687246,false,167.80398965,349633
17,1,Lalmai,লালমাই,lalmai.comilla.gov.bd,23.29766555,91.15944077,false,120.0625044,215011
18,2,Chhagalnaiya,ছাগলনাইয়া,chhagalnaiya.feni.gov.bd,23.02016933,91.50651106,false,135.07498327,208232
19,2,Feni Sadar,ফেনী সদর,sadar.feni.gov.bd,22.99071311,91.41585715,false,214.25661173,634321
20,2,Sonagazi,সোনাগাজী,sonagazi.feni.gov.bd,22.85375019,91.396878,false,234.57105951,290667
21,2,Fulgazi,ফুলগাজী,fulgazi.feni.gov.bd,23.11846473,91.44164398,false,102.99027159,125444
22,2,Parshuram,পরশুরাম,parshuram.feni.gov.bd,23.20244186,91.43849193,false,101.50766116,113317
23,2,Daganbhuiyan,দাগনভূঞা,daganbhuiyan.feni.gov.bd,22.97202602,91.29997117,false,141.07724943,276915
24,3,Brahmanbaria Sadar,ব্রাহ্মণবাড়িয়া সদর,sadar.brahmanbaria.gov.bd,23.94993121,91.11594537,false,216.55416885,677243
25,3,Kasba,কসবা,kasba.brahmanbaria.gov.bd,23.76086796,91.13132405,false,209.47843284,357961
26,3,Nasirnagar,নাসিরনগর,nasirnagar.brahmanbaria.gov.bd,24.18226005,91.1871252,false,315.8624809,346774
27,3,Sarail,সরাইল,sarail.brahmanbaria.gov.bd,24.10250867,91.11323753,false,223.64921215,364369
28,3,Ashuganj,আশুগঞ্জ,ashuganj.brahmanbaria.gov.bd,24.01814155,91.01833745,false,77.56757515,210356
29,3,Akhaura,আখাউড়া,akhaura.brahmanbaria.gov.bd,23.8406693,91.1901894,false,92.2161916,168472
30,3,Nabinagar,নবীনগর,nabinagar.brahmanbaria.gov.bd,23.86327014,90.979673,false,361.39692827,555839
31,3,Bancharampur,বাঞ্ছারামপুর,bancharampur.brahmanbaria.gov.bd,23.78053412,90.80732254,false,206.06029029,335118
32,3,Bijoynagar,বিজয়নগর,bijoynagar.brahmanbaria.gov.bd,23.99153007,91.22736838,false,225.48336753,290431
33,4,Rangamati Sadar,রাঙ্গামাটি সদর,sadar.rangamati.gov.bd,22.64512234,92.20136392,false,621.79038162,146601
34,4,Kaptai,কাপ্তাই,kaptai.rangamati.gov.bd,22.46236678,92.20166334,false,252.57758733,55410
35,4,Kawkhali,কাউখালী,kawkhali.rangamati.gov.bd,22.62348916,92.0122707,false,237.91291916,66313
36,4,Baghaichari,বাঘাইছড়ি,baghaichari.rangamati.gov.bd,23.38280723,92.23714299,false,1490.85535133,106287
37,4,Barkal,বরকল,barkal.rangamati.gov.bd,22.83095905,92.34613321,false,665.79470703,49708
38,4,Langadu,লংগদু,langadu.rangamati.gov.bd,22.97008989,92.21665497,false,494.22387043,90408
39,4,Rajasthali,রাজস্থলী,rajasthali.rangamati.gov.bd,22.371584,92.2445794,false,148.22735671,27864
40,4,Belaichari,বিলাইছড়ি,belaichari.rangamati.gov.bd,22.2574125,92.48313972,false,750.67784418,29540
41,4,Juraichari,জুরাছড়ি,juraichari.rangamati.gov.bd,22.55930901,92.45549633,false,644.7005099,26932
42,4,Naniarchar,নানিয়ারচর,naniarchar.rangamati.gov.bd,22.83365535,92.07263493,false,336.53811834,48523
43,5,Noakhali Sadar,নোয়াখালী সদর,sadar.noakhali.gov.bd,22.80832731,91.04870857,false,348.99581102,642494
44,5,Companiganj,কোম্পানীগঞ্জ,companiganj.noakhali.gov.bd,22.75865966,91.30075882,false,409.12351018,301310
45,5,Begumganj,বেগমগঞ্জ,begumganj.noakhali.gov.bd,22.93091025,91.09425854,false,237.24897165,611106
46,5,Hatia,হাতিয়া,hatia.noakhali.gov.bd,22.3481622,91.09140468,false,1065.84880683,537366
47,5,Subarnachar,সুবর্ণচর,subarnachar.noakhali.gov.bd,22.61923455,91.15640167,false,566.93805743,355910
48,5,Kabirhat,কবিরহাট,kabirhat.noakhali.gov.bd,22.81087606,91.19933235,false,136.62458472,238736
49,5,Senbug,সেনবাগ,senbug.noakhali.gov.bd,22.99063881,91.21267406,false,165.80625095,310884
50,5,Chatkhil,চাটখিল,chatkhil.noakhali.gov.bd,23.0533338,90.96372295,false,137.62784444,258794
51,5,Sonaimori,সোনাইমুড়ী,sonaimori.noakhali.gov.bd,23.0262944,91.07783166,false,168.78611962,368842
52,6,Haimchar,হাইমচর,haimchar.chandpur.gov.bd,23.076609,90.61716648,false,167.76998519,124833
53,6,Kachua,কচুয়া,kachua.chandpur.gov.bd,23.35926547,90.88289267,false,237.80363483,405497
54,6,Shahrasti,শাহরাস্তি,shahrasti.chandpur.gov.bd,23.20587855,90.95691718,false,154.33289448,254662
55,6,Chandpur Sadar,চাঁদপুর সদর,sadar.chandpur.gov.bd,23.23175162,90.6513703,false,319.57718695,534599
56,6,Matlab South,মতলব দক্ষিণ,matlabsouth.chandpur.gov.bd,23.34815058,90.74730936,false,130.22193615,226721
57,6,Hajiganj,হাজীগঞ্জ,hajiganj.chandpur.gov.bd,23.25779613,90.83747836,false,191.4860523,360367
58,6,Matlab North,মতলব উত্তর,matlabnorth.chandpur.gov.bd,23.4101348,90.64106338,false,283.23257506,295821
59,6,Faridgonj,ফরিদগঞ্জ,faridgonj.chandpur.gov.bd,23.1441551,90.76190402,false,235.40431735,433248
60,7,Lakshmipur Sadar,লক্ষ্মীপুর সদর,sadar.lakshmipur.gov.bd,22.91127372,90.84389751,false,553.02079455,814847
61,7,Kamalnagar,কমলনগর,kamalnagar.lakshmipur.gov.bd,22.75743615,90.8537509,false,237.19030598,217293
62,7,Raipur,রায়পুর,raipur.lakshmipur.gov.bd,23.00469424,90.73152598,false,183.62056662,313659
63,7,Ramgati,রামগতি,ramgati.lakshmipur.gov.bd,22.62490396,90.92223747,false,359.85706473,278924
64,7,Ramganj,রামগঞ্জ,ramganj.lakshmipur.gov.bd,23.09675351,90.87272553,false,169.42020348,313225
65,8,Rangunia,রাঙ্গুনিয়া,rangunia.chittagong.gov.bd,22.46617757,92.06834682,false,354.21694783,392904
66,8,Sitakunda,সীতাকুন্ড,sitakunda.chittagong.gov.bd,22.54303233,91.65690147,false,492.92362971,457396
67,8,Mirsharai,মীরসরাই,mirsharai.chittagong.gov.bd,22.80385025,91.54756079,false,508.41850303,472794
68,8,Patiya,পটিয়া,patiya.chittagong.gov.bd,22.29314167,91.98742056,false,253.61554448,397679
69,8,Sandwip,সন্দ্বীপ,sandwip.chittagong.gov.bd,22.5106171,91.45787931,false,390.7794911,327564
70,8,Banshkhali,বাঁশখালী,banshkhali.chittagong.gov.bd,22.01727076,91.9380992,false,362.63457372,537593
71,8,Boalkhali,বোয়ালখালী,boalkhali.chittagong.gov.bd,22.37729487,91.96622113,false,139.4056536,258688
72,8,Anwara,আনোয়ারা,anwara.chittagong.gov.bd,22.19757387,91.8786927,false,160.82047126,319482
73,8,Chandanaish,চন্দনাইশ,chandanaish.chittagong.gov.bd,22.21239926,92.06454009,false,199.86473405,252242
74,8,Satkania,সাতকানিয়া,satkania.chittagong.gov.bd,22.10592592,92.05950882,false,276.31192338,454062
75,8,Lohagara,লোহাগাড়া,lohagara.chittagong.gov.bd,21.98607426,92.11204876,false,260.07642367,328220
76,8,Hathazari,হাটহাজারী,hathazari.chittagong.gov.bd,22.526199,91.79785039,false,228.09016175,498182
77,8,Fatikchhari,ফটিকছড়ি,fatikchhari.chittagong.gov.bd,22.75545823,91.74886747,false,758.97452864,642089
78,8,Raozan,রাউজান,raozan.chittagong.gov.bd,22.51965128,91.91727933,false,243.84382751,396358
79,8,Karnafuli,কর্ণফুলী,karnafuli.chittagong.gov.bd,22.28719585,91.8460119,false,50.71790791,203705
80,9,Coxsbazar Sadar,কক্সবাজার সদর,sadar.coxsbazar.gov.bd,21.46611549,92.01564253,false,120.61247215,417365
81,9,Chakaria,চকরিয়া,chakaria.coxsbazar.gov.bd,21.74110917,92.0517345,false,493.27138318,571280
82,9,Kutubdia,কুতুবদিয়া,kutubdia.coxsbazar.gov.bd,21.83800675,91.86254458,false,71.69389474,143622
83,9,Ukhiya,উখিয়া,ukhiya.coxsbazar.gov.bd,21.22806282,92.11533645,false,258.7660902,263158
84,9,Moheshkhali,মহেশখালী,moheshkhali.coxsbazar.gov.bd,21.60718915,91.91955884,false,400.35461183,385510
85,9,Pekua,পেকুয়া,pekua.coxsbazar.gov.bd,21.81593944,91.94474478,false,143.52247599,214357
86,9,Ramu,রামু,ramu.coxsbazar.gov.bd,21.43878767,92.12036409,false,384.09804373,344545
87,9,Teknaf,টেকনাফ,teknaf.coxsbazar.gov.bd,20.96925113,92.23706771,false,367.95196452,333865
88,10,Khagrachhari Sadar,খাগড়াছড়ি সদর,sadar.khagrachhari.gov.bd,23.15840266,91.9983411,false,271.31731543,136141
89,10,Dighinala,দিঘীনালা,dighinala.khagrachhari.gov.bd,23.41579635,92.05900408,false,881.89241076,115440
90,10,Panchari,পানছড়ি,panchari.khagrachhari.gov.bd,23.34218676,91.92458743,false,333.3980804,68678
91,10,Laxmichhari,লক্ষীছড়ি,laxmichhari.khagrachhari.gov.bd,22.78361647,91.93107935,false,210.79029226,27148
92,10,Mohalchari,মহালছড়ি,mohalchari.khagrachhari.gov.bd,22.9835062,92.04945547,false,234.11267876,49077
93,10,Manikchari,মানিকছড়ি,manikchari.khagrachhari.gov.bd,22.85186911,91.8267801,false,181.71814173,77027
94,10,Ramgarh,রামগড়,ramgarh.khagrachhari.gov.bd,22.95403742,91.77612993,false,148.69322481,60741
95,10,Matiranga,মাটিরাঙ্গা,matiranga.khagrachhari.gov.bd,23.16268454,91.85491132,false,491.03130998,126609
96,10,Guimara,গুইমারা,guimara.khagrachhari.gov.bd,22.95816063,91.92264133,false,224.85125169,53258
97,11,Bandarban Sadar,বান্দরবান সদর,sadar.bandarban.gov.bd,22.06545533,92.23266601,false,523.48689782,111096
98,11,Alikadam,আলীকদম,alikadam.bandarban.gov.bd,21.59618578,92.40337107,false,785.0258187,63800
99,11,Naikhongchhari,নাইক্ষ্যংছড়ি,naikhongchhari.bandarban.gov.bd,21.47139618,92.24297656,false,517.34822099,76477
100,11,Rowangchhari,রোয়াংছড়ি,rowangchhari.bandarban.gov.bd,22.1994028,92.35191016,false,440.71229196,27721
101,11,Lama,লামা,lama.bandarban.gov.bd,21.81028832,92.21156194,false,703.62238732,139689
102,11,Ruma,রুমা,ruma.bandarban.gov.bd,22.00777832,92.44855183,false,634.43723789,32533
103,11,Thanchi,থানচি,thanchi.bandarban.gov.bd,21.64261732,92.53326194,false,986.38023826,29790
104,12,Belkuchi,বেলকুচি,belkuchi.sirajganj.gov.bd,24.29793,89.70147902,false,164.49535562,401172
105,12,Chauhali,চৌহালি,chauhali.sirajganj.gov.bd,24.13944642,89.75743944,false,253.43187776,138061
106,12,Kamarkhand,কামারখন্দ,kamarkhand.sirajganj.gov.bd,24.37750815,89.64226021,false,92.06618734,154386
107,12,Kazipur,কাজীপুর,kazipur.sirajganj.gov.bd,24.67158952,89.68890716,false,372.40746721,281442
108,12,Raigonj,রায়গঞ্জ,raigonj.sirajganj.gov.bd,24.49221055,89.51526376,false,264.97671084,348190
109,12,Shahjadpur,শাহজাদপুর,shahjadpur.sirajganj.gov.bd,24.16297216,89.63072075,false,324.62158165,601633
110,12,Sirajganj Sadar,সিরাজগঞ্জ সদর,sirajganjsadar.sirajganj.gov.bd,24.4942697,89.68960995,false,325.49100942,631928
111,12,Tarash,তাড়াশ,tarash.sirajganj.gov.bd,24.44537456,89.35780269,false,300.10278853,211853
112,12,Ullapara,উল্লাপাড়া,ullapara.sirajganj.gov.bd,24.32784904,89.51823326,false,414.2783633,589041
113,13,Sujanagar,সুজানগর,sujanagar.pabna.gov.bd,23.89782952,89.51401384,false,333.11015849,305576
114,13,Ishurdi,ঈশ্বরদী,ishurdi.pabna.gov.bd,24.08017137,89.09433764,false,269.19910137,390402
115,13,Bhangura,ভাঙ্গুড়া,bhangura.pabna.gov.bd,24.23892741,89.39638738,false,134.7528081,136576
116,13,Pabna Sadar,পাবনা সদর,pabnasadar.pabna.gov.bd,23.99489442,89.28112247,false,429.99161914,711588
117,13,Bera,বেড়া,bera.pabna.gov.bd,23.94251893,89.65718472,false,266.89338235,301494
118,13,Atghoria,আটঘরিয়া,atghoria.pabna.gov.bd,24.10741607,89.28274572,false,181.93921816,178582
119,13,Chatmohar,চাটমোহর,chatmohar.pabna.gov.bd,24.22410244,89.30321873,false,305.41935112,334240
120,13,Santhia,সাঁথিয়া,santhia.pabna.gov.bd,24.04342759,89.51589956,false,330.74867036,410767
121,13,Faridpur,ফরিদপুর,faridpur.pabna.gov.bd,24.15813002,89.44947783,false,139.77256401,140399
122,14,Kahaloo,কাহালু,kahaloo.bogra.gov.bd,24.83250864,89.25142354,false,237.79262692,234585
123,14,Bogra Sadar,বগুড়া সদর,sadar.bogra.gov.bd,24.89539917,89.35605547,false,178.08736413,657790
124,14,Shariakandi,সারিয়াকান্দি,shariakandi.bogra.gov.bd,24.8789082,89.61656334,false,416.29449368,276199
125,14,Shajahanpur,শাজাহানপুর,shajahanpur.bogra.gov.bd,24.76021686,89.3755597,false,221.3087664,333676
126,14,Dupchanchia,দুপচাচিঁয়া,dupchanchia.bogra.gov.bd,24.88236608,89.13984044,false,165.48136288,195075
127,14,Adamdighi,আদমদিঘি,adamdighi.bogra.gov.bd,24.80008982,89.05968137,false,170.61896596,206797
128,14,Nondigram,নন্দিগ্রাম,nondigram.bogra.gov.bd,24.68118488,89.22715695,false,271.97748267,200294
129,14,Sonatala,সোনাতলা,sonatala.bogra.gov.bd,24.99736498,89.51417967,false,159.98204211,193463
130,14,Dhunot,ধুনট,dhunot.bogra.gov.bd,24.68260297,89.55015673,false,251.89386675,307521
131,14,Gabtali,গাবতলী,gabtali.bogra.gov.bd,24.8872405,89.46482964,false,244.01127366,344902
132,14,Sherpur,শেরপুর,sherpur.bogra.gov.bd,24.62867573,89.42257132,false,297.00160241,383539
133,14,Shibganj,শিবগঞ্জ,shibganj.bogra.gov.bd,25.01683461,89.30649345,false,315.67793373,400456
134,15,Paba,পবা,paba.rajshahi.gov.bd,24.33813369,88.59074395,false,305.28317801,368889
135,15,Durgapur,দুর্গাপুর,durgapur.rajshahi.gov.bd,24.46827737,88.76089517,false,199.52103976,197713
136,15,Mohonpur,মোহনপুর,mohonpur.rajshahi.gov.bd,24.55475052,88.64078614,false,161.87450516,186904
137,15,Charghat,চারঘাট,charghat.rajshahi.gov.bd,24.30119249,88.77510723,false,174.42728295,224845
138,15,Puthia,পুঠিয়া,puthia.rajshahi.gov.bd,24.41148732,88.82735743,false,196.07062956,224143
139,15,Bagha,বাঘা,bagha.rajshahi.gov.bd,24.20594533,88.833999,false,185.67826302,195888
140,15,Godagari,গোদাগাড়ী,godagari.rajshahi.gov.bd,24.48314948,88.41492417,false,489.97280874,376386
141,15,Tanore,তানোর,tanore.rajshahi.gov.bd,24.61985872,88.53090746,false,297.15275132,212983
142,15,Bagmara,বাগমারা,bagmara.rajshahi.gov.bd,24.59364101,88.80923132,false,366.15101963,373970
143,16,Natore Sadar,নাটোর সদর,natoresadar.natore.gov.bd,24.39709793,88.98996421,false,229.36223414,352967
144,16,Singra,সিংড়া,singra.natore.gov.bd,24.52440832,89.18430739,false,529.3726014,381316
145,16,Baraigram,বড়াইগ্রাম,baraigram.natore.gov.bd,24.27323686,89.14997336,false,307.65496409,308923
146,16,Bagatipara,বাগাতিপাড়া,bagatipara.natore.gov.bd,24.31324989,88.94790182,false,139.2595279,140699
147,16,Lalpur,লালপুর,lalpur.natore.gov.bd,24.1997875,88.98571935,false,323.17573661,306357
148,16,Gurudaspur,গুরুদাসপুর,gurudaspur.natore.gov.bd,24.37372702,89.20538766,false,200.58296975,234342
149,16,Naldanga,নলডাঙ্গা,naldanga.natore.gov.bd,24.50600164,88.97560756,false,175.57308048,135318
150,17,Akkelpur,আক্কেলপুর,akkelpur.joypurhat.gov.bd,24.93348532,89.04202677,false,140.47057331,144693
151,17,Kalai,কালাই,kalai.joypurhat.gov.bd,25.07808103,89.19883986,false,166.06031029,146055
152,17,Khetlal,ক্ষেতলাল,khetlal.joypurhat.gov.bd,25.02338997,89.11766883,false,143.32941716,110866
153,17,Panchbibi,পাঁচবিবি,panchbibi.joypurhat.gov.bd,25.20498364,89.07186488,false,279.68370048,239612
154,17,Joypurhat Sadar,জয়পুরহাট সদর,joypurhatsadar.joypurhat.gov.bd,25.10765486,89.02145393,false,236.32215857,315205
155,18,Chapainawabganj Sadar,চাঁপাইনবাবগঞ্জ সদর,chapainawabganjsadar.chapainawabganj.gov.bd,24.56534241,88.25806499,false,438.26828941,583475
156,18,Gomostapur,গোমস্তাপুর,gomostapur.chapainawabganj.gov.bd,24.85857325,88.35544732,false,318.81314546,304184
157,18,Nachol,নাচোল,nachol.chapainawabganj.gov.bd,24.72706303,88.3963179,false,283.26109935,167678
158,18,Bholahat,ভোলাহাট,bholahat.chapainawabganj.gov.bd,24.89721664,88.20949302,false,123.44102997,113314
159,18,Shibganj,শিবগঞ্জ,shibganj.chapainawabganj.gov.bd,24.70501636,88.1548792,false,525.59377617,666877
160,19,Mohadevpur,মহাদেবপুর,mohadevpur.naogaon.gov.bd,24.9218421,88.76365987,false,391.93530689,308666
161,19,Badalgachi,বদলগাছী,badalgachi.naogaon.gov.bd,24.96745176,88.94253758,false,212.19200927,206557
162,19,Patnitala,পত্নিতলা,patnitala.naogaon.gov.bd,25.07753255,88.71459304,false,379.66043975,250729
163,19,Dhamoirhat,ধামইরহাট,dhamoirhat.naogaon.gov.bd,25.13051337,88.82415793,false,301.79452298,194181
164,19,Niamatpur,নিয়ামতপুর,niamatpur.naogaon.gov.bd,24.83045479,88.55021021,false,450.49660899,270452
165,19,Manda,মান্দা,manda.naogaon.gov.bd,24.74630479,88.71198704,false,413.73916159,380588
166,19,Atrai,আত্রাই,atrai.naogaon.gov.bd,24.62478302,88.98907491,,262.31870837,201459
167,19,Raninagar,রাণীনগর,raninagar.naogaon.gov.bd,24.71172597,89.02014859,false,246.57123639,192226
168,19,Naogaon Sadar,নওগাঁ সদর,naogaonsadar.naogaon.gov.bd,24.81201412,88.89803358,false,277.2485424,447903
169,19,Porsha,পোরশা,porsha.naogaon.gov.bd,24.99497575,88.51736573,false,258.65381421,147021
170,19,Sapahar,সাপাহার,sapahar.naogaon.gov.bd,25.11935869,88.53071648,false,244.19259293,184817
171,20,Manirampur,মণিরামপুর,manirampur.jessore.gov.bd,23.00645606,89.21986148,false,444.84184932,454541
172,20,Abhaynagar,অভয়নগর,abhaynagar.jessore.gov.bd,23.01770386,89.41968215,false,245.74531569,290143
173,20,Bagherpara,বাঘারপাড়া,bagherpara.jessore.gov.bd,23.24253049,89.3353901,false,272.85578686,238106
174,20,Chougachha,চৌগাছা,chougachha.jessore.gov.bd,23.26325264,89.02328652,false,271.77187169,249280
175,20,Jhikargacha,ঝিকরগাছা,jhikargacha.jessore.gov.bd,23.06873072,89.05428478,false,307.18508986,331137
176,20,Keshabpur,কেশবপুর,keshabpur.jessore.gov.bd,22.88037398,89.23152615,false,256.79256752,280932
177,20,Jessore Sadar,যশোর সদর,sadar.jessore.gov.bd,23.18247843,89.21885642,false,436.6544883,844374
178,20,Sharsha,শার্শা,sharsha.jessore.gov.bd,23.04479212,88.94109704,false,340.57094186,387631
179,21,Assasuni,আশাশুনি,assasuni.satkhira.gov.bd,22.51924727,89.18743219,false,378.4648572,281758
180,21,Debhata,দেবহাটা,debhata.satkhira.gov.bd,22.5965225,89.01346306,false,173.45958755,133014
181,21,Kalaroa,কলারোয়া,kalaroa.satkhira.gov.bd,22.88034049,89.03019097,false,233.44995598,261270
182,21,Satkhira Sadar,সাতক্ষীরা সদর,satkhirasadar.satkhira.gov.bd,22.72028952,89.03826939,false,399.55035343,522964
183,21,Shyamnagar,শ্যামনগর,shyamnagar.satkhira.gov.bd,22.01217711,89.18060186,false,2109.41337774,365970
184,21,Tala,তালা,tala.satkhira.gov.bd,22.73989638,89.21059096,false,338.55229682,326111
185,21,Kaliganj,কালিগঞ্জ,kaliganj.satkhira.gov.bd,22.44743606,89.06238055,false,330.10936754,305495
186,22,Mujibnagar,মুজিবনগর,mujibnagar.meherpur.gov.bd,23.66804173,88.62066855,false,113.93302383,105752
187,22,Meherpur Sadar,মেহেরপুর সদর,meherpursadar.meherpur.gov.bd,23.7652793,88.6614059,false,264.05426054,276903
188,22,Gangni,গাংনী,gangni.meherpur.gov.bd,23.85742395,88.77069557,false,340.35012677,322701
189,23,Narail Sadar,নড়াইল সদর,narailsadar.narail.gov.bd,23.15493941,89.49509628,false,390.9485302,297068
190,23,Lohagara,লোহাগড়া,lohagara.narail.gov.bd,23.20424901,89.6241797,false,292.23366028,248437
191,23,Kalia,কালিয়া,kalia.narail.gov.bd,23.02924849,89.64163082,false,300.75939745,243166
192,24,Chuadanga Sadar,চুয়াডাঙ্গা সদর,chuadangasadar.chuadanga.gov.bd,23.58945721,88.88544829,false,296.38808784,350528
193,24,Alamdanga,আলমডাঙ্গা,alamdanga.chuadanga.gov.bd,23.72952308,88.90824581,false,366.02754835,368189
194,24,Damurhuda,দামুড়হুদা,damurhuda.chuadanga.gov.bd,23.59201621,88.73978174,false,304.03643477,317552
195,24,Jibannagar,জীবননগর,jibannagar.chuadanga.gov.bd,23.44297578,88.85026481,false,199.73242374,197785
196,25,Kushtia Sadar,কুষ্টিয়া সদর,kushtiasadar.kushtia.gov.bd,23.82447726,89.08978509,false,319.72177304,560963
197,25,Kumarkhali,কুমারখালী,kumarkhali.kushtia.gov.bd,23.85817582,89.21033767,false,267.93742381,373752
198,25,Khoksa,খোকসা,khoksa.kushtia.gov.bd,23.8108428,89.30040417,false,106.58067179,143832
199,25,Mirpur,মিরপুর,mirpurkushtia.kushtia.gov.bd,23.89715846,88.98617202,false,310.13618057,363106
200,25,Daulatpur,দৌলতপুর,daulatpur.kushtia.gov.bd,24.03425965,88.83553965,false,483.72172988,482981
201,25,Bheramara,ভেড়ামারা,bheramara.kushtia.gov.bd,24.0562809,88.98115536,false,151.15622724,225058
202,26,Shalikha,শালিখা,shalikha.magura.gov.bd,23.34769219,89.35926814,false,229.20980771,179666
203,26,Sreepur,শ্রীপুর,sreepur.magura.gov.bd,23.59766202,89.42412163,false,185.09843159,184245
204,26,Magura Sadar,মাগুরা সদর,magurasadar.magura.gov.bd,23.45188316,89.41242724,false,401.61470095,426396
205,26,Mohammadpur,মহম্মদপুর,mohammadpur.magura.gov.bd,23.40009353,89.55069065,false,226.41764469,242808
206,27,Paikgasa,পাইকগাছা,paikgasa.khulna.gov.bd,22.59006747,89.34020164,false,378.32882985,286209
207,27,Fultola,ফুলতলা,fultola.khulna.gov.bd,22.94830901,89.45416809,false,76.81250969,148510
208,27,Digholia,দিঘলিয়া,digholia.khulna.gov.bd,22.92151447,89.55377852,false,86.28562664,167025
209,27,Rupsha,রূপসা,rupsha.khulna.gov.bd,22.81922745,89.63623389,false,119.614468,206748
210,27,Terokhada,তেরখাদা,terokhada.khulna.gov.bd,22.91397441,89.65512323,false,189.44742858,128925
211,27,Dumuria,ডুমুরিয়া,dumuria.khulna.gov.bd,22.80576338,89.39802703,false,456.13303663,343899
212,27,Botiaghata,বটিয়াঘাটা,botiaghata.khulna.gov.bd,22.71333993,89.51491534,false,237.38377989,233041
213,27,Dakop,দাকোপ,dakop.khulna.gov.bd,22.24203107,89.52637642,false,1103.68960334,159369
214,27,Koyra,কয়রা,koyra.khulna.gov.bd,22.07788302,89.3950567,false,1762.95147442,220102
215,28,Fakirhat,ফকিরহাট,fakirhat.bagerhat.gov.bd,22.74261933,89.66610277,false,159.22396246,159019
216,28,Bagerhat Sadar,বাগেরহাট সদর,sadar.bagerhat.gov.bd,22.6761286,89.76267481,false,315.44423194,288673
217,28,Mollahat,মোল্লাহাট,mollahat.bagerhat.gov.bd,22.8841779,89.77298864,false,180.76252725,144615
218,28,Sarankhola,শরণখোলা,sarankhola.bagerhat.gov.bd,22.06308526,89.82172027,false,909.92251335,120920
219,28,Rampal,রামপাল,rampal.bagerhat.gov.bd,22.59031343,89.65135819,false,277.68342893,176058
220,28,Morrelganj,মোড়েলগঞ্জ,morrelganj.bagerhat.gov.bd,22.48332119,89.83422475,false,442.74642677,304865
221,28,Kachua,কচুয়া,kachua.bagerhat.gov.bd,22.65213817,89.87394519,false,125.03600776,107423
222,28,Mongla,মোংলা,mongla.bagerhat.gov.bd,22.11653738,89.65966488,false,1467.32129822,158470
223,28,Chitalmari,চিতলমারী,chitalmari.bagerhat.gov.bd,22.81113978,89.86525389,false,194.33534039,153033
224,29,Jhenaidah Sadar,ঝিনাইদহ সদর,sadar.jhenaidah.gov.bd,23.51638682,89.15753517,false,466.92676883,543906
225,29,Shailkupa,শৈলকুপা,shailkupa.jhenaidah.gov.bd,23.66362143,89.24261925,false,376.13095322,406744
226,29,Harinakundu,হরিণাকুন্ডু,harinakundu.jhenaidah.gov.bd,23.64350865,89.07686969,false,228.65935496,218857
227,29,Kaliganj,কালীগঞ্জ,kaliganj.jhenaidah.gov.bd,23.36959471,89.15233514,false,309.6733071,308504
228,29,Kotchandpur,কোটচাঁদপুর,kotchandpur.jhenaidah.gov.bd,23.44497008,89.00141696,false,164.35890287,156545
229,29,Moheshpur,মহেশপুর,moheshpur.jhenaidah.gov.bd,23.32017163,88.85970006,false,419.75844987,371293
230,30,Jhalakathi Sadar,ঝালকাঠি সদর,sadar.jhalakathi.gov.bd,22.67977942,90.19275327,false,203.97919031,217924
231,30,Kathalia,কাঠালিয়া,kathalia.jhalakathi.gov.bd,22.41941257,90.10206117,false,158.61354925,111663
232,30,Nalchity,নলছিটি,nalchity.jhalakathi.gov.bd,22.6010276,90.27149045,false,209.46691601,186892
233,30,Rajapur,রাজাপুর,rajapur.jhalakathi.gov.bd,22.54965797,90.13094414,false,163.64549363,144681
234,31,Bauphal,বাউফল,bauphal.patuakhali.gov.bd,22.43734658,90.54648458,false,487.66398902,327498
235,31,Patuakhali Sadar,পটুয়াখালী সদর,sadar.patuakhali.gov.bd,22.33453254,90.32931509,false,366.01995563,354816
236,31,Dumki,দুমকি,dumki.patuakhali.gov.bd,22.44825458,90.37305019,false,94.39920657,81839
237,31,Dashmina,দশমিনা,dashmina.patuakhali.gov.bd,22.25076067,90.55428617,false,301.38235186,130402
238,31,Kalapara,কলাপাড়া,kalapara.patuakhali.gov.bd,21.93370908,90.22168667,false,490.66337561,286993
239,31,Mirzaganj,মির্জাগঞ্জ,mirzaganj.patuakhali.gov.bd,22.35550943,90.21740561,false,176.44484169,127111
240,31,Galachipa,গলাচিপা,galachipa.patuakhali.gov.bd,22.14780512,90.46051826,false,528.05627661,300218
241,31,Rangabali,রাঙ্গাবালী,rangabali.patuakhali.gov.bd,21.93161968,90.43046083,false,680.40386152,118377
242,32,Pirojpur Sadar,পিরোজপুর সদর,sadar.pirojpur.gov.bd,22.60920201,89.97934666,false,163.64206426,181707
243,32,Nazirpur,নাজিরপুর,nazirpur.pirojpur.gov.bd,22.76993652,89.97482465,false,227.92521409,187991
244,32,Kawkhali,কাউখালী,kawkhali.pirojpur.gov.bd,22.60625111,90.05726044,false,80.56512392,70786
245,32,Zianagar,জিয়ানগর,zianagar.pirojpur.gov.bd,22.46620998,89.96524888,false,100.49906145,85454
246,32,Bhandaria,ভান্ডারিয়া,bhandaria.pirojpur.gov.bd,22.45182375,90.01974753,false,165.80529633,163654
247,32,Mathbaria,মঠবাড়ীয়া,mathbaria.pirojpur.gov.bd,22.2829089,89.94927971,false,351.68699458,277627
248,32,Nesarabad,নেছারাবাদ,nesarabad.pirojpur.gov.bd,22.72142509,90.08564362,false,182.56780601,230976
249,33,Barisal Sadar,বরিশাল সদর,barisalsadar.barisal.gov.bd,22.71481106,90.40960035,false,242.85329632,237211
250,33,Bakerganj,বাকেরগঞ্জ,bakerganj.barisal.gov.bd,22.55478164,90.39007461,false,404.0196797,356022
251,33,Babuganj,বাবুগঞ্জ,babuganj.barisal.gov.bd,22.82461621,90.31272617,false,161.46686902,154558
252,33,Wazirpur,উজিরপুর,wazirpur.barisal.gov.bd,22.86574877,90.16497331,false,246.56617783,254506
253,33,Banaripara,বানারীপাড়া,banaripara.barisal.gov.bd,22.81118715,90.12916707,false,134.08185106,169876
254,33,Gournadi,গৌরনদী,gournadi.barisal.gov.bd,22.96981456,90.24285253,false,147.90039033,205878
255,33,Agailjhara,আগৈলঝাড়া,agailjhara.barisal.gov.bd,22.9676431,90.14047232,false,158.24561902,156423
256,33,Mehendiganj,মেহেন্দিগঞ্জ,mehendiganj.barisal.gov.bd,22.81597145,90.51901486,false,406.65051099,283890
257,33,Muladi,মুলাদী,muladi.barisal.gov.bd,22.95514912,90.37599974,false,229.79251641,181929
258,33,Hizla,হিজলা,hizla.barisal.gov.bd,22.9628024,90.55182414,false,363.33917757,150669
259,34,Bhola Sadar,ভোলা সদর,sadar.bhola.gov.bd,22.70723511,90.6305403,false,435.53368925,444838
260,34,Borhan Sddin,বোরহান উদ্দিন,borhanuddin.bhola.gov.bd,22.48540881,90.71537999,false,286.80038724,265437
261,34,Charfesson,চরফ্যাশন,charfesson.bhola.gov.bd,22.04486186,90.72459883,false,1221.70081063,518817
262,34,Doulatkhan,দৌলতখান,doulatkhan.bhola.gov.bd,22.6420874,90.74547893,false,306.55456997,181813
263,34,Monpura,মনপুরা,monpura.bhola.gov.bd,22.22216484,90.94308102,false,513.2332937,89745
264,34,Tazumuddin,তজুমদ্দিন,tazumuddin.bhola.gov.bd,22.45254839,90.85981809,false,325.92472737,134176
265,34,Lalmohan,লালমোহন,lalmohan.bhola.gov.bd,22.30234352,90.77136962,false,381.91545736,297692
266,35,Amtali,আমতলী,amtali.barguna.gov.bd,22.14650328,90.27003676,false,309.90715036,214446
267,35,Barguna Sadar,বরগুনা সদর,sadar.barguna.gov.bd,22.12684969,90.10169624,false,376.79831182,294375
268,35,Betagi,বেতাগী,betagi.barguna.gov.bd,22.34818523,90.14935951,false,168.60638069,125472
269,35,Bamna,বামনা,bamna.barguna.gov.bd,22.27232966,90.05729578,false,99.623109,78942
270,35,Pathorghata,পাথরঘাটা,pathorghata.barguna.gov.bd,22.08967959,89.95942885,false,299.06849974,177893
271,35,Taltali,তালতলি,taltali.barguna.gov.bd,21.96759531,90.10058791,false,280.95821726,119403
272,36,Balaganj,বালাগঞ্জ,balaganj.sylhet.gov.bd,24.68865059,91.82992075,false,170.64708383,123352
273,36,Beanibazar,বিয়ানীবাজার,beanibazar.sylhet.gov.bd,24.84934837,92.15957094,false,246.48238916,260603
274,36,Bishwanath,বিশ্বনাথ,bishwanath.sylhet.gov.bd,24.83470762,91.72814054,false,210.54667578,237213
275,36,Companiganj,কোম্পানীগঞ্জ,companiganj.sylhet.gov.bd,25.0799183,91.77309913,false,261.8657678,192350
276,36,Fenchuganj,ফেঞ্চুগঞ্জ,fenchuganj.sylhet.gov.bd,24.69358233,91.96304017,false,112.26233854,114293
277,36,Golapganj,গোলাপগঞ্জ,golapganj.sylhet.gov.bd,24.81047474,92.01838458,false,272.99701224,331358
278,36,Gowainghat,গোয়াইনঘাট,gowainghat.sylhet.gov.bd,25.08145524,91.95895822,false,486.01903501,355979
279,36,Jaintiapur,জৈন্তাপুর,jaintiapur.sylhet.gov.bd,25.05799543,92.1045136,false,268.8847794,200128
280,36,Kanaighat,কানাইঘাট,kanaighat.sylhet.gov.bd,24.9932219,92.21911505,false,400.98343905,317578
281,36,Sylhet Sadar,সিলেট সদর,sylhetsadar.sylhet.gov.bd,24.94433953,91.84586196,false,295.66437798,444914
282,36,Zakiganj,জকিগঞ্জ,zakiganj.sylhet.gov.bd,24.92531685,92.36786009,false,264.10261783,267317
283,36,Dakshinsurma,দক্ষিণ সুরমা,dakshinsurma.sylhet.gov.bd,24.81711992,91.87712889,false,189.59898574,262787
284,36,Osmaninagar,ওসমানী নগর,osmaninagar.sylhet.gov.bd,24.70336209,91.73194607,false,215.1423465,216412
285,37,Barlekha,বড়লেখা,barlekha.moulvibazar.gov.bd,24.70854578,92.17635211,false,384.46019434,282452
286,37,Kamolganj,কমলগঞ্জ,kamolganj.moulvibazar.gov.bd,24.31685165,91.86015204,false,417.210654,290108
287,37,Kulaura,কুলাউড়া,kulaura.moulvibazar.gov.bd,24.48996524,92.01511303,false,502.49844111,397746
288,37,Moulvibazar Sadar,মৌলভীবাজার সদর,moulvibazarsadar.moulvibazar.gov.bd,24.4993968,91.71316807,false,345.29582595,377962
289,37,Rajnagar,রাজনগর,rajnagar.moulvibazar.gov.bd,24.56522658,91.86352334,false,347.25408412,250806
290,37,Sreemangal,শ্রীমঙ্গল,sreemangal.moulvibazar.gov.bd,24.30220515,91.69901682,false,431.55835278,361801
291,37,Juri,জুড়ী,juri.moulvibazar.gov.bd,24.55392188,92.14517559,false,245.23146745,162572
292,38,Nabiganj,নবীগঞ্জ,nabiganj.habiganj.gov.bd,24.57071941,91.54818498,false,441.48532004,367385
293,38,Bahubal,বাহুবল,bahubal.habiganj.gov.bd,24.36138845,91.54463994,false,263.7759897,219377
294,38,Ajmiriganj,আজমিরীগঞ্জ,ajmiriganj.habiganj.gov.bd,24.55351135,91.28139364,false,179.5917332,126324
295,38,Baniachong,বানিয়াচং,baniachong.habiganj.gov.bd,24.49883031,91.36685634,false,514.11140108,356425
296,38,Lakhai,লাখাই,lakhai.habiganj.gov.bd,24.29851486,91.26089226,false,191.16466205,158717
297,38,Chunarughat,চুনারুঘাট,chunarughat.habiganj.gov.bd,24.18000387,91.51582163,false,504.04933447,342289
298,38,Habiganj Sadar,হবিগঞ্জ সদর,habiganjsadar.habiganj.gov.bd,24.35093059,91.41578016,false,188.60120613,306718
299,38,Madhabpur,মাধবপুর,madhabpur.habiganj.gov.bd,24.12035765,91.33739435,false,280.45982233,384243
300,39,Sunamganj Sadar,সুনামগঞ্জ সদর,sadar.sunamganj.gov.bd,25.0538758,91.39998186,false,276.48984262,318099
301,39,South Sunamganj,দক্ষিণ সুনামগঞ্জ,southsunamganj.sunamganj.gov.bd,24.9123799,91.40777623,false,311.51331964,204998
302,39,Bishwambarpur,বিশ্বম্ভরপুর,bishwambarpur.sunamganj.gov.bd,25.10888415,91.31523834,false,190.00124403,190350
303,39,Chhatak,ছাতক,chhatak.sunamganj.gov.bd,24.94892153,91.61454158,false,438.98628083,445797
304,39,Jagannathpur,জগন্নাথপুর,jagannathpur.sunamganj.gov.bd,24.75016803,91.55672295,false,368.62040965,264198
305,39,Dowarabazar,দোয়ারাবazar,dowarabazar.sunamganj.gov.bd,25.07164732,91.56119491,false,274.8149244,260513
306,39,Tahirpur,তাহিরপুর,tahirpur.sunamganj.gov.bd,25.12901357,91.16369632,false,313.33225008,224853
307,39,Dharmapasha,ধর্মপাশা,dharmapasha.sunamganj.gov.bd,24.9442515,91.0637998,false,273.9749847,133250
308,39,Jamalganj,জামালগঞ্জ,jamalganj.sunamganj.gov.bd,24.95589373,91.20325709,false,334.39630074,185866
309,39,Shalla,শাল্লা,shalla.sunamganj.gov.bd,24.68747144,91.25886283,false,258.12386655,117630
310,39,Derai,দিরাই,derai.sunamganj.gov.bd,24.78742253,91.33608142,false,399.07444255,253705
311,40,Belabo,বেলাবো,belabo.narsingdi.gov.bd,24.10145744,90.84873217,false,120.2417371,213602
312,40,Monohardi,মনোহরদী,monohardi.narsingdi.gov.bd,24.16079951,90.73076261,false,194.08562324,298609
313,40,Narsingdi Sadar,নরসিংদী সদর,narsingdisadar.narsingdi.gov.bd,23.86911891,90.70802254,false,222.63545981,852330
314,40,Palash,পলাশ,palash.narsingdi.gov.bd,23.95637032,90.64990826,false,95.0068199,249156
315,40,Raipura,রায়পুরা,raipura.narsingdi.gov.bd,23.96194635,90.8720913,false,322.03801054,610602
316,40,Shibpur,শিবপুর,shibpur.narsingdi.gov.bd,24.02764768,90.74701282,false,209.25152498,360153
317,41,Kaliganj,কালীগঞ্জ,kaliganj.gazipur.gov.bd,23.96481774,90.55522821,false,221.86498193,310956
318,41,Kaliakair,কালিয়াকৈর,kaliakair.gazipur.gov.bd,24.10221402,90.26555217,false,311.3946977,694608
319,41,Kapasia,কাপাসিয়া,kapasia.gazipur.gov.bd,24.14779535,90.60046014,false,361.82850705,379107
320,41,Gazipur Sadar,গাজীপুর সদর,sadar.gazipur.gov.bd,24.08486105,90.42475588,false,137.9890496,345801
321,41,Sreepur,শ্রীপুর,sreepur.gazipur.gov.bd,24.20580898,90.44362975,false,462.035484,855263
322,42,Shariatpur Sadar,শরিয়তপুর সদর,sadar.shariatpur.gov.bd,23.21884243,90.31670125,false,174.02569168,239590
323,42,Naria,নড়িয়া,naria.shariatpur.gov.bd,23.30575605,90.4276623,false,230.50066286,260240
324,42,Zajira,জাজিরা,zajira.shariatpur.gov.bd,23.36558386,90.3236872,false,240.7739702,217771
325,42,Gosairhat,গোসাইরহাট,gosairhat.shariatpur.gov.bd,23.08167785,90.45694826,false,180.60250096,175016
326,42,Bhedarganj,ভেদরগঞ্জ,bhedarganj.shariatpur.gov.bd,23.24773906,90.51356683,false,278.38331601,278306
327,42,Damudya,ডামুড্যা,damudya.shariatpur.gov.bd,23.13989972,90.42264111,false,98.25827133,123639
328,43,Araihazar,আড়াইহাজার,araihazar.narayanganj.gov.bd,23.76432347,90.66936209,false,179.11168037,467547
329,43,Bandar,বন্দর,bandar.narayanganj.gov.bd,23.64094241,90.54550603,false,44.83640387,204786
330,43,Narayanganj Sadar,নারায়নগঞ্জ সদর,narayanganjsadar.narayanganj.gov.bd,23.61270286,90.46967182,false,68.64231869,1012144
331,43,Rupganj,রূপগঞ্জ,rupganj.narayanganj.gov.bd,23.81242547,90.54002928,false,184.85182256,704869
332,43,Sonargaon,সোনারগাঁ,sonargaon.narayanganj.gov.bd,23.67465419,90.59430133,false,180.20587281,551841
333,44,Basail,বাসাইল,basail.tangail.gov.bd,24.23384013,90.04024194,false,156.64552471,188936
334,44,Bhuapur,ভুয়াপুর,bhuapur.tangail.gov.bd,24.47720074,89.81588907,false,228.55404295,217327
335,44,Delduar,দেলদুয়ার,delduar.tangail.gov.bd,24.14750937,89.93895701,false,171.77826681,218745
336,44,Ghatail,ঘাটাইল,ghatail.tangail.gov.bd,24.47370046,90.05304586,false,453.09990323,448742
337,44,Gopalpur,গোপালপুর,gopalpur.tangail.gov.bd,24.57241619,89.90181619,false,192.59664543,270333
338,44,Madhupur,মধুপুর,madhupur.tangail.gov.bd,24.65012904,90.06228115,false,374.51646945,337393
339,44,Mirzapur,মির্জাপুর,mirzapur.tangail.gov.bd,24.11805874,90.10720089,false,370.22030465,474658
340,44,Nagarpur,নাগরপুর,nagarpur.tangail.gov.bd,24.05062667,89.87547056,false,256.44146068,319296
341,44,Sakhipur,সখিপুর,sakhipur.tangail.gov.bd,24.30626157,90.1748612,false,435.05083008,322345
342,44,Tangail Sadar,টাঙ্গাইল সদর,tangailsadar.tangail.gov.bd,24.25962298,89.86705123,false,298.18827253,601227
343,44,Kalihati,কালিহাতী,kalihati.tangail.gov.bd,24.3596877,89.94673602,false,299.67646767,449477
344,44,Dhanbari,ধনবাড়ী,dhanbari.tangail.gov.bd,24.68753433,89.93350156,false,135.89418014,189129
345,45,Itna,ইটনা,itna.kishoreganj.gov.bd,24.55093334,91.08404973,false,390.17697956,168840
346,45,Katiadi,কটিয়াদী,katiadi.kishoreganj.gov.bd,24.2952187,90.82084672,false,215.65333828,351466
347,45,Bhairab,ভৈরব,bhairab.kishoreganj.gov.bd,24.10221109,90.98120406,false,118.90326849,362681
348,45,Tarail,তাড়াইল,tarail.kishoreganj.gov.bd,24.55087077,90.89053903,false,144.8638739,170085
349,45,Hossainpur,হোসেনপুর,hossainpur.kishoreganj.gov.bd,24.44832765,90.66335442,false,120.78223164,201897
350,45,Pakundia,পাকুন্দিয়া,pakundia.kishoreganj.gov.bd,24.32148898,90.69366131,false,176.05216809,282981
351,45,Kuliarchar,কুলিয়ারচর,kuliarchar.kishoreganj.gov.bd,24.15311063,90.88661308,false,105.01635128,202477
352,45,Kishoreganj Sadar,কিশোরগঞ্জ সদর,kishoreganjsadar.kishoreganj.gov.bd,24.42594991,90.78325593,false,177.07302992,506873
353,45,Karimgonj,করিমগঞ্জ,karimgonj.kishoreganj.gov.bd,24.45434037,90.89635343,false,199.6515505,328288
354,45,Bajitpur,বাজিতপুর,bajitpur.kishoreganj.gov.bd,24.2266224,90.94846361,false,188.66650006,269756
355,45,Austagram,অষ্টগ্রাম,austagram.kishoreganj.gov.bd,24.32358689,91.12249556,false,303.03692338,151238
356,45,Mithamoin,মিঠামইন,mithamoin.kishoreganj.gov.bd,24.43314857,91.11090071,false,221.86614947,125157
357,45,Nikli,নিকলী,nikli.kishoreganj.gov.bd,24.33828073,90.96093837,false,201.31166627,145887
358,46,Harirampur,হরিরামপুর,harirampur.manikganj.gov.bd,23.72066709,89.94587763,false,263.47307641,155469
359,46,Saturia,সাটুরিয়া,saturia.manikganj.gov.bd,23.95847921,90.00104205,false,138.70257942,193206
360,46,Manikganj Sadar,মানিকগঞ্জ সদর,sadar.manikganj.gov.bd,23.83665517,90.02995338,false,217.76058374,363829
361,46,Gior,ঘিওর,gior.manikganj.gov.bd,23.87441371,89.90388194,false,145.57645076,162509
362,46,Shibaloy,শিবালয়,shibaloy.manikganj.gov.bd,23.83837419,89.81082872,false,198.90998564,187462
363,46,Doulatpur,দৌলতপুর,doulatpur.manikganj.gov.bd,23.95619414,89.79863832,false,210.60589575,167425
364,46,Singiar,সিংগাইর,singiar.manikganj.gov.bd,23.78336259,90.15404116,false,218.44710436,328125
365,47,Savar,সাভার,savar.dhaka.gov.bd,23.87995122,90.28057123,false,285.47929875,2311796
366,47,Dhamrai,ধামরাই,dhamrai.dhaka.gov.bd,23.93897826,90.14080346,false,305.36803567,517135
367,47,Keraniganj,কেরাণীগঞ্জ,keraniganj.dhaka.gov.bd,23.69433062,90.34365782,false,183.81049021,1011063
368,47,Nawabganj,নবাবগঞ্জ,nawabganj.dhaka.gov.bd,23.67242589,90.16080129,false,248.12063574,348807
369,47,Dohar,দোহার,dohar.dhaka.gov.bd,23.60157963,90.10840628,false,142.77777025,250114
370,48,Munshiganj Sadar,মুন্সিগঞ্জ সদর,sadar.munshiganj.gov.bd,23.48746746,90.52607222,false,162.3473833,436018
371,48,Sreenagar,শ্রীনগর,sreenagar.munshiganj.gov.bd,23.54637332,90.26358225,false,201.0826269,293905
372,48,Sirajdikhan,সিরাজদিখান,sirajdikhan.munshiganj.gov.bd,23.59764523,90.35802481,false,179.35557472,316473
373,48,Louhajanj,লৌহজং,louhajanj.munshiganj.gov.bd,23.46915976,90.34353188,false,139.84592074,177802
374,48,Gajaria,গজারিয়া,gajaria.munshiganj.gov.bd,23.54722572,90.62901939,false,137.29011243,185259
375,48,Tongibari,টংগীবাড়ি,tongibari.munshiganj.gov.bd,23.47479103,90.45275509,false,113.62969843,215959
376,49,Rajbari Sadar,রাজবাড়ী সদর,sadar.rajbari.gov.bd,23.71718423,89.65606415,false,325.84121662,384534
377,49,Goalanda,গোয়ালন্দ,goalanda.rajbari.gov.bd,23.75575567,89.76518481,false,145.3942619,128796
378,49,Pangsa,পাংশা,pangsa.rajbari.gov.bd,23.78899188,89.38777563,false,256.81712941,274110
379,49,Baliakandi,বালিয়াকান্দি,baliakandi.rajbari.gov.bd,23.65063781,89.55170229,false,231.88264528,230031
380,49,Kalukhali,কালুখালী,kalukhali.rajbari.gov.bd,23.74188518,89.47527823,false,169.71970406,172347
381,50,Madaripur Sadar,মাদারীপুর সদর,sadar.madaripur.gov.bd,23.19122006,90.17839699,false,263.25384809,396772
382,50,Shibchar,শিবচর,shibchar.madaripur.gov.bd,23.37319972,90.17594971,false,366.35994841,357437
383,50,Kalkini,কালকিনি,kalkini.madaripur.gov.bd,23.06702105,90.28068024,false,208.86751199,218330
384,50,Rajoir,রাজৈর,rajoir.madaripur.gov.bd,23.20208039,90.03856994,false,236.63435946,245316
385,51,Gopalganj Sadar,গোপালগঞ্জ সদর,sadar.gopalganj.gov.bd,23.06056181,89.84767364,false,383.23819514,401160
386,51,Kashiani,কাশিয়ানী,kashiani.gopalganj.gov.bd,23.19131338,89.79519002,false,291.52824372,228161
387,51,Tungipara,টুংগীপাড়া,tungipara.gopalganj.gov.bd,22.92359515,89.90223546,false,131.39983135,114482
388,51,Kotalipara,কোটালীপাড়া,kotalipara.gopalganj.gov.bd,23.01051938,90.02019937,false,368.75758013,243726
389,51,Muksudpur,মুকসুদপুর,muksudpur.gopalganj.gov.bd,23.26614945,89.91575687,false,310.98921675,307528
390,52,Faridpur Sadar,ফরিদপুর সদর,sadar.faridpur.gov.bd,23.5974305,89.81272444,false,394.40881534,567657
391,52,Alfadanga,আলফাডাঙ্গা,alfadanga.faridpur.gov.bd,23.29513493,89.67033006,false,130.13457353,119631
392,52,Boalmari,বোয়ালমারী,boalmari.faridpur.gov.bd,23.39867627,89.69242212,false,262.7949367,268150
393,52,Sadarpur,সদরপুর,sadarpur.faridpur.gov.bd,23.49841249,90.05092519,false,274.03185154,201511
394,52,Nagarkanda,নগরকান্দা,nagarkanda.faridpur.gov.bd,23.43433249,89.89562244,false,193.99441581,222938
395,52,Bhanga,ভাঙ্গা,bhanga.faridpur.gov.bd,23.38910046,90.0100025,false,218.43031617,293857
396,52,Charbhadrasan,চরভদ্রাসন,charbhadrasan.faridpur.gov.bd,23.59005054,89.98012695,false,136.93131741,70923
397,52,Madhukhali,মধুখালী,madhukhali.faridpur.gov.bd,23.54110013,89.61112757,false,236.85306215,231997
398,52,Saltha,সালথা,saltha.faridpur.gov.bd,23.41804522,89.80078563,false,190.0643444,186215
399,53,Panchagarh Sadar,পঞ্চগড় সদর,panchagarhsadar.panchagarh.gov.bd,26.36478029,88.591095,false,362.71265782,335366
400,53,Debiganj,দেবীগঞ্জ,debiganj.panchagarh.gov.bd,26.12695233,88.7173732,false,303.70204547,267466
401,53,Boda,বোদা,boda.panchagarh.gov.bd,26.23502554,88.61881927,false,338.62745908,275282
402,53,Atwari,আটোয়ারী,atwari.panchagarh.gov.bd,26.25081731,88.42459873,false,208.20157457,141549
403,53,Tetulia,তেতুলিয়া,tetulia.panchagarh.gov.bd,26.51251074,88.43057717,false,190.59000246,160180
404,54,Nawabganj,নবাবগঞ্জ,nawabganj.dinajpur.gov.bd,25.42088957,89.09055668,false,316.71397512,254036
405,54,Birganj,বীরগঞ্জ,birganj.dinajpur.gov.bd,25.92942183,88.62578221,false,414.68253696,356152
406,54,Ghoraghat,ঘোড়াঘাট,ghoraghat.dinajpur.gov.bd,25.28733313,89.21475129,false,152.57867628,131413
407,54,Birampur,বিরামপুর,birampur.dinajpur.gov.bd,25.3799376,88.96340196,false,214.27857617,184144
408,54,Parbatipur,পার্বতীপুর,parbatipur.dinajpur.gov.bd,25.61976841,88.92296933,false,396.51301178,400648
409,54,Bochaganj,বোচাগঞ্জ,bochaganj.dinajpur.gov.bd,25.786215,88.45332443,false,223.1947952,171718
410,54,Kaharol,কাহারোল,kaharol.dinajpur.gov.bd,25.80245749,88.5985003,false,205.75918414,174564
411,54,Fulbari,ফুলবাড়ী,fulbari.dinajpur.gov.bd,25.47137881,88.90073652,false,233.39281267,194569
412,54,Dinajpur Sadar,দিনাজপুর সদর,dinajpursadar.dinajpur.gov.bd,25.60820914,88.67571762,false,355.41198555,549184
413,54,Hakimpur,হাকিমপুর,hakimpur.dinajpur.gov.bd,25.29276704,89.06120429,false,101.17582989,95972
414,54,Khansama,খানসামা,khansama.dinajpur.gov.bd,25.87170113,88.76460004,false,179.87809506,197402
415,54,Birol,বিরল,birol.dinajpur.gov.bd,25.6468912,88.54722616,false,350.94791174,281554
416,54,Chirirbandar,চিরিরবন্দর,chirirbandar.dinajpur.gov.bd,25.666732,88.78325675,false,315.58766708,323880
417,55,Lalmonirhat Sadar,লালমনিরহাট সদর,sadar.lalmonirhat.gov.bd,25.87870187,89.4533625,false,262.52991857,373470
418,55,Kaliganj,কালীগঞ্জ,kaliganj.lalmonirhat.gov.bd,25.98561274,89.24170563,false,237.60859025,277024
419,55,Hatibandha,হাতীবান্ধা,hatibandha.lalmonirhat.gov.bd,26.12026719,89.1436277,false,286.52321063,264107
420,55,Patgram,পাটগ্রাম,patgram.lalmonirhat.gov.bd,26.34342513,89.01951962,false,259.33446636,262576
421,55,Aditmari,আদিতমারী,aditmari.lalmonirhat.gov.bd,25.94295908,89.36819323,false,189.72052918,251229
422,56,Syedpur,সৈয়দপুর,syedpur.nilphamari.gov.bd,25.80367107,88.92050498,false,121.70423739,312993
423,56,Domar,ডোমার,domar.nilphamari.gov.bd,26.15958625,88.82543146,false,251.36819728,282630
424,56,Dimla,ডিমলা,dimla.nilphamari.gov.bd,26.17310954,88.9738563,false,333.12561711,316846
425,56,Jaldhaka,জলঢাকা,jaldhaka.nilphamari.gov.bd,26.03119206,88.99362175,false,308.07189218,386801
426,56,Kishorganj,কিশোরগঞ্জ,kishorganj.nilphamari.gov.bd,25.89799915,89.03314087,false,208.18373652,269332
427,56,Nilphamari Sadar,নীলফামারী সদর,nilphamarisadar.nilphamari.gov.bd,25.94204608,88.85474141,false,373.8195398,523966
428,57,Sadullapur,সাদুল্লাপুর,sadullapur.gaibandha.gov.bd,25.39485471,89.42568996,false,228.60044136,313628
429,57,Gaibandha Sadar,গাইবান্ধা সদর,gaibandhasadar.gaibandha.gov.bd,25.35001584,89.56561501,false,324.31682891,499196
430,57,Palashbari,পলাশবাড়ী,palashbari.gaibandha.gov.bd,25.26506469,89.39175132,false,185.52764143,267438
431,57,Saghata,সাঘাটা,saghata.gaibandha.gov.bd,25.1251917,89.56345058,false,233.35741529,289628
432,57,Gobindaganj,গোবিন্দগঞ্জ,gobindaganj.gaibandha.gov.bd,25.15773216,89.36972742,false,461.64576755,543144
433,57,Sundarganj,সুন্দরগঞ্জ,sundarganj.gaibandha.gov.bd,25.51016336,89.56182562,false,406.38254483,482537
434,57,Phulchari,ফুলছড়ি,phulchari.gaibandha.gov.bd,25.25378546,89.65325858,false,310.66785378,166662
435,58,Thakurgaon Sadar,ঠাকুরগাঁও সদর,thakurgaonsadar.thakurgaon.gov.bd,26.07173216,88.46375411,false,680.55991997,656792
436,58,Pirganj,পীরগঞ্জ,pirganj.thakurgaon.gov.bd,25.84245298,88.36790187,false,353.63303292,265159
437,58,Ranisankail,রাণীশংকৈল,ranisankail.thakurgaon.gov.bd,25.94076753,88.24587287,false,291.02399684,244078
438,58,Haripur,হরিপুর,haripur.thakurgaon.gov.bd,25.87881874,88.15452214,false,200.05526095,159516
439,58,Baliadangi,বালিয়াডাঙ্গী,baliadangi.thakurgaon.gov.bd,26.10819674,88.2634769,false,280.35274024,208350
440,59,Rangpur Sadar,রংপুর সদর,rangpursadar.rangpur.gov.bd,25.75121974,89.15060773,false,137.91330445,178675
441,59,Gangachara,গংগাচড়া,gangachara.rangpur.gov.bd,25.88015073,89.20096031,false,245.0446727,286730
442,59,Taragonj,তারাগঞ্জ,taragonj.rangpur.gov.bd,25.78336557,89.03331225,false,129.16891733,160895
443,59,Badargonj,বদরগঞ্জ,badargonj.rangpur.gov.bd,25.66776884,89.05492385,false,301.29414394,314865
444,59,Mithapukur,মিঠাপুকুর,mithapukur.rangpur.gov.bd,25.57212022,89.26091919,false,518.09492452,538723
445,59,Pirgonj,পীরগঞ্জ,pirgonj.rangpur.gov.bd,25.42579893,89.27470198,false,411.97449109,414845
446,59,Kaunia,কাউনিয়া,kaunia.rangpur.gov.bd,25.76638064,89.39371603,false,148.01264473,239689
447,59,Pirgacha,পীরগাছা,pirgacha.rangpur.gov.bd,25.66502233,89.422271,false,264.30507503,326622
448,60,Kurigram Sadar,কুড়িগ্রাম সদর,kurigramsadar.kurigram.gov.bd,25.82725828,89.69146386,false,274.05077014,361408
449,60,Nageshwari,নাগেশ্বরী,nageshwari.kurigram.gov.bd,25.95992217,89.73954435,false,416.27037332,444699
450,60,Bhurungamari,ভুরুঙ্গামারী,bhurungamari.kurigram.gov.bd,26.11552584,89.69340888,false,230.35079239,255548
451,60,Phulbari,ফুলবাড়ী,phulbari.kurigram.gov.bd,25.94768997,89.571724,false,160.94431844,186682
452,60,Rajarhat,রাজারহাট,rajarhat.kurigram.gov.bd,25.78741372,89.54159745,false,163.28792972,203060
453,60,Ulipur,উলিপুর,ulipur.kurigram.gov.bd,25.68970821,89.66873442,false,465.13784024,440152
454,60,Chilmari,চিলমারী,chilmari.kurigram.gov.bd,25.56393785,89.71820959,false,243.61701545,131715
455,60,Rowmari,রৌমারী,rowmari.kurigram.gov.bd,25.59306707,89.82808122,false,200.23376354,227513
456,60,Charrajibpur,চর রাজিবপুর,charrajibpur.kurigram.gov.bd,25.44429196,89.76420813,false,113.69410977,78383
457,61,Sherpur Sadar,শেরপুর সদর,sherpursadar.sherpur.gov.bd,24.99084023,90.02163529,false,351.46738624,563865
458,61,Nalitabari,নালিতাবাড়ী,nalitabari.sherpur.gov.bd,25.11729884,90.18440043,false,333.4256622,271933
459,61,Sreebordi,শ্রীবরদী,sreebordi.sherpur.gov.bd,25.16484943,89.95713439,false,268.49154418,279142
460,61,Nokla,নকলা,nokla.sherpur.gov.bd,24.95798125,90.18478482,false,171.18435316,208765
461,61,Jhenaigati,ঝিনাইগাতী,jhenaigati.sherpur.gov.bd,25.18241144,90.05414329,false,203.42171484,178148
462,62,Fulbaria,ফুলবাড়ীয়া,fulbaria.mymensingh.gov.bd,24.58684471,90.25615763,false,396.55335808,495917
463,62,Trishal,ত্রিশাল,trishal.mymensingh.gov.bd,24.56370418,90.41044074,false,336.13821216,491483
464,62,Bhaluka,ভালুকা,bhaluka.mymensingh.gov.bd,24.38161662,90.35390162,false,446.54888632,583981
465,62,Muktagacha,মুক্তাগাছা,muktagacha.mymensingh.gov.bd,24.74426562,90.20554409,false,313.55553592,460389
466,62,Mymensingh Sadar,ময়মনসিংহ সদর,mymensinghsadar.mymensingh.gov.bd,24.84613696,90.26415422,false,282.34178795,421422
467,62,Dhobaura,ধোবাউড়া,dhobaura.mymensingh.gov.bd,25.10122351,90.52558027,false,257.33033469,217467
468,62,Phulpur,ফুলপুর,phulpur.mymensingh.gov.bd,24.95293883,90.35294374,false,284.83084114,351001
469,62,Haluaghat,হালুয়াঘাট,haluaghat.mymensingh.gov.bd,25.08413627,90.35208288,false,349.49441394,316539
470,62,Gouripur,গৌরীপুর,gouripur.mymensingh.gov.bd,24.75653851,90.58614903,false,282.91418728,357353
471,62,Gafargaon,গফরগাঁও,gafargaon.mymensingh.gov.bd,24.39365628,90.54992728,false,397.46561064,463253
472,62,Iswarganj,ঈশ্বরগঞ্জ,iswarganj.mymensingh.gov.bd,24.64475383,90.59950915,false,278.18103671,404613
473,62,Nandail,নান্দাইল,nandail.mymensingh.gov.bd,24.54947402,90.67677784,false,327.16421644,421279
474,62,Tarakanda,তারাকান্দা,tarakanda.mymensingh.gov.bd,24.86413144,90.46339735,false,281.00104542,337308
475,63,Jamalpur Sadar,জামালপুর সদর,jamalpursadar.jamalpur.gov.bd,24.84275893,90.01524092,false,488.80696715,668243
476,63,Melandah,মেলান্দহ,melandah.jamalpur.gov.bd,24.95599302,89.82798691,false,268.67079071,354521
477,63,Islampur,ইসলামপুর,islampur.jamalpur.gov.bd,25.07564439,89.76306354,false,342.23201637,319758
478,63,Dewangonj,দেওয়ানগঞ্জ,dewangonj.jamalpur.gov.bd,25.2679709,89.76630949,false,261.2784237,288166
479,63,Sarishabari,সরিষাবাড়ী,sarishabari.jamalpur.gov.bd,24.72155439,89.83061407,false,261.60388691,343194
480,63,Madarganj,মাদারগঞ্জ,madarganj.jamalpur.gov.bd,24.88510913,89.74178896,false,223.60959732,285999
481,63,Bokshiganj,বকশীগঞ্জ,bokshiganj.jamalpur.gov.bd,25.2144324,89.85216642,false,205.66565446,239857
482,64,Barhatta,বারহাট্টা,barhatta.netrokona.gov.bd,24.92234073,90.88506443,false,221.17206203,182211
483,64,Durgapur,দুর্গাপুর,durgapur.netrokona.gov.bd,25.0890702,90.6833433,false,277.22943252,242457
484,64,Kendua,কেন্দুয়া,kendua.netrokona.gov.bd,24.67804297,90.80216919,false,311.19899476,316976
485,64,Atpara,আটপাড়া,atpara.netrokona.gov.bd,24.79395945,90.87706885,false,193.75609882,144855
486,64,Madan,মদন,madan.netrokona.gov.bd,24.67829123,90.96698729,false,226.32411477,149878
487,64,Khaliajuri,খালিয়াজুরী,khaliajuri.netrokona.gov.bd,24.70497783,91.12181656,false,292.72217813,96345
488,64,Kalmakanda,কলমাকান্দা,kalmakanda.netrokona.gov.bd,25.07759048,90.85761154,false,383.70950394,271348
489,64,Mohongonj,মোহনগঞ্জ,mohongonj.netrokona.gov.bd,24.827911,91.02336058,false,242.28209408,166421
490,64,Purbadhala,পূর্বধলা,purbadhala.netrokona.gov.bd,24.93402036,90.60294175,false,317.12870654,332398
491,64,Netrokona Sadar,নেত্রকোণা সদর,netrokonasadar.netrokona.gov.bd,24.88718661,90.73811233,false,334.59732211,421964
492,9,Eidgaon,ঈদগাঁও,null,21.55582075,92.05915783,false,86.42992847,149566
493,39,Madhyanagar,মধ্যনগর,null,25.09020205,91.0132659,false,227.52839603,96237
494,50,Dasar,ডাসার,null,23.09203776,90.16068434,false,78.73442357,75172
495,47,Adabor,আদাবর,null,23.7732898,90.35483119999999,true,,
496,47,Badda,বাড্ডা,null,23.7805462,90.4266584,true,,
497,47,Bangshal,বংশাল,null,23.71814,90.4007384,true,,
498,47,Biman Bandar,বিমানবন্দর,null,23.851232,90.407657,true,,
499,47,Cantonment,ক্যান্টনমেন্ট,null,23.8282405,90.3889622,true,,
500,47,Chawkbazar,চকবাজার,null,23.7170356,90.39632189999999,true,,
501,47,Darus Salam,দারুস সালাম,null,23.7784999,90.35306659999999,true,,
502,47,Demark,ডেমরা,null,23.804093,90.4152376,true,,
503,47,Dhanmondi,ধানমন্ডি,null,23.7461495,90.3742307,true,,
504,47,Gendaria,গেণ্ডারিয়া,null,23.7024528,90.4260691,true,,
505,47,Gulshan,গুলশান,null,23.794798,90.4142694,true,,
506,47,Hazaribagh,হাজারীবাগ,null,23.744724,90.359551,true,,
507,47,Jatrabari,যাত্রাবাড়ী,null,23.7106102,90.43490919999999,true,,
508,47,Kadamtali,কদমতলী,null,23.7017913,90.3948498,true,,
509,47,Kafrul,কাফরুল,null,23.7895638,90.39131719999999,true,,
510,47,Kalabagan,কলাবাগান,null,23.7494231,90.3830754,true,,
511,47,Kamrangirchar,কামরাঙ্গীরচর,null,23.7182214,90.367774,true,,
512,47,Khilgaon,খিলগাঁও,null,23.7566389,90.4643906,true,,
513,47,Khilkhet,খিলক্ষেত,null,23.8311224,90.4243013,true,,
514,47,Kotwali,কোতোয়ালী,null,23.7106805,90.4089838,true,,
515,47,Lalbagh,লালবাগ,null,23.7181758,90.3866074,true,,
516,47,Mirpur,মিরপুর,null,23.8151741,90.3632786,true,,
517,47,Mohammadpur,মোহাম্মদপুর,null,23.7661639,90.3588734,true,,
518,47,Motijheel,মতিঝিল,null,23.7329724,90.417231,true,,
519,47,New Market,নিউ মার্কেট,null,23.7331937,90.3837664,true,,
520,47,Pallabi,পল্লবী,null,23.8283088,90.36071369999999,true,,
521,47,Paltan,পল্টন,null,23.7322458,90.4107509,true,,
522,47,Ramna,রমনা,null,23.7330218,90.3983829,true,,
523,47,Rampura,রামপুরা,null,23.7612256,90.420766,true,,
524,47,Rupnagar,রূপনগর,null,23.7771725,90.43638279999999,true,,
525,47,Sabujbagh,সবুজবাগ,null,23.7383544,90.42921249999999,true,,
526,47,Shah Ali,শাহ আলী,null,23.8035611,90.3508276,true,,
527,47,Shahbagh,শাহবাগ,null,23.7397263,90.394261,true,,
528,47,Sher-e-Bangla Nagar,শেরেবাংলা নগর,null,23.7717497,90.37718950000001,true,,
529,47,Shyampur,শ্যামপুর,null,23.6852903,90.44552,true,,
530,47,Sutrapur,সূত্রাপুর,null,23.7121399,90.4195876,true,,
531,47,Tejgaon,তেজগাঁও,null,23.759815,90.39131719999999,true,,
532,47,Tejgaon Industrial Area,তেজগাঁও শিল্পাঞ্চল,null,23.7657287,90.4054498,true,,
533,47,Turag,তুরাগ,null,23.8762949,90.36860779999999,true,,
534,47,Uttara East,উত্তরা পূর্ব,null,23.8728511,90.39131719999999,true,,
535,47,Uttara West,উত্তরা পশ্চিম,null,23.8758187,90.38745639999999,true,,
536,47,Vatara,ভাটারা,null,23.80135,90.4337304,true,,
537,48,Wari,ওয়ারী,null,23.4609812,90.2843096,true,,
538,47,Hatirjheel,হাতিরঝিল,null,23.769424,90.41428529999999,true,,
539,47,Vashantek,ভাষানটেক,null,23.8049579,90.3876764,true,,
540,8,Akbar Shah,আকবর শাহ,null,22.372957,91.7803765,true,,
541,8,Bakalia,বাকলিয়া,null,22.3530007,91.8562218,true,,
542,8,Bayezid Bostami,বায়োজিদ বোস্তামী,null,22.3638193,91.8260079,true,,
543,8,Chandgaon,চাঁান্দগাঁও,null,22.3887509,91.8562218,true,,
544,8,Chittagong Kotwali,কোতোয়ালী,null,22.3414146,91.8269573,true,,
545,8,Double Mooring,ডাবলমুরিং,null,22.3297149,91.80745859999999,true,,
546,8,Epz,ইপিজেড,null,22.2805989,91.78475449999999,true,,
547,8,Halishahar,হালিশহর,null,22.318119,91.77822669999999,true,,
548,8,Karnaphuli,কর্ণফুলী,null,22.2833245,91.7872056,true,,
549,8,Khulshi,খুলশী,null,22.3614768,91.814013,true,,
550,8,Panchlaish,পাঁচলাইশ,null,22.3621872,91.8342716,true,,
551,8,Pahartali,পাহাড়তলী,null,22.3657883,91.77822669999999,true,,
552,8,Patenga,পতেঙ্গা,null,22.2391378,91.81446489999999,true,,
553,8,Sadarghat,সদরঘাট,null,22.3237868,91.8227155,true,,
554,15,Boalia,বোয়ালিয়া,null,24.3747269,88.6041329,true,,
555,15,Rajpara,রাজপাড়া,null,24.3735078,88.5722344,true,,
556,15,Motihar,মতিহার,null,24.3616628,88.6270882,true,,
557,15,Shah Makhdum,শাহ মখদুম,null,24.3935517,88.6117692,true,,
558,15,Chandrima,চন্দ্রিমা,null,24.3746497,88.60036649999999,true,,
559,15,Katakhali,কাটাখালী,null,24.2103421,89.225325,true,,
560,15,Belpukur,বেলপুকুর,null,24.3650145,88.7244071,true,,
561,15,Airport,বিমানবন্দর,null,24.7105776,88.94138650000001,true,,
562,15,Kashia Danga,কাশিয়াডাঙ্গা,null,24.5202514,88.54444749999999,true,,
563,15,Karnaher,কর্ণহার,null,24.3746497,88.60036649999999,true,,
564,15,Damkura,দামকুড়া,null,24.4064398,88.5232509,true,,
565,27,Khulna Sadar Thana,খুলনা সদর থানা,null,22.8171194,89.56485990000002,true,,
566,27,Sonadanga,সোনাডাঙ্গা,null,22.8247809,89.5379687,true,,
567,27,Khalishpur,খালিশপুর,null,22.8624819,89.5298607,true,,
568,27,Daulatpur,দৌলতপুর,null,22.8634453,89.5167298,true,,
569,27,Khan Jahan Ali,খান জাহান আলী,null,22.8618196,89.51164100000001,true,,
570,27,Harintana,হরিণটানা,null,22.7905968,89.5650908,true,,
571,27,Aranghata,আড়ংঘাটা,null,22.8723313,89.5002027,true,,
572,27,Labanchara,লবণচরা,null,22.7848147,89.5775779,true,,
573,33,Kotwali Model,কোতোয়ালী মডেল,null,22.7063099,90.37181939999999,true,,
574,33,Kawnia,কাউনিয়া,null,22.7177927,90.3583606,true,,
575,33,Bandar Thana,বন্দর থানা,null,22.7132876,90.3496278,true,,
576,33,Airport Thana,বিমানবন্দর থানা,null,22.7571957,90.31593699999999,true,,
577,36,Kotwali,কোতোয়ালী,null,24.8889156,91.8653709,true,,
578,36,Jalalabad,জালালাবাদ,null,24.9089724,91.862321,true,,
579,36,Shah Poran,শাহ পরান,null,24.8995551,91.8724244,true,,
580,36,South Surma,দক্ষিণ সুরমা,null,24.9047808,91.86000790000001,true,,
581,36,Gazerpara,গাজীপুর,null,24.8173923,91.8922193,true,,
582,36,Moglabazar,মোগলাবাজার,null,24.9047808,91.86000790000001,true,,
583,36,Airport,বিমানবন্দর,null,24.9583415,91.8707201,true,,
584,41,Tongu East,টঙ্গী পূর্ব,null,23.9905079,90.3877184,true,,
585,41,Tongi West,টঙ্গী পশ্চিম,null,23.9170359,90.39008369999999,true,,
586,41,Gachha,গাছা,null,23.9383393,90.367774,true,,
587,41,Basan,বাসন,null,23.9888988,90.36542039999999,true,,
588,41,Konabari,কোনাবাড়ী,null,24.0112973,90.3219053,true,,
589,41,Kashimpur,কাশিমপুর,null,23.9845353,90.3219053,true,,
590,41,Pubail,পুবাইল,null,23.9172755,90.45967209999999,true,,
591,59,Kotwali,কোতোয়ালী,null,25.7474729,89.2503799,true,,
592,59,Parshuram,পরশুরাম,null,25.7840157,89.2335484,true,,
593,59,Tajhat,তাজহাট,null,25.7252732,89.2799033,true,,
594,59,Mahiganj,মহীগঞ্জ,null,25.7292047,89.29098189999999,true,,
595,59,Haragach,হারাগাছ,null,25.8151583,89.3321823,true,,
596,59,Hajiratat,হাজীরহাট,null,25.7493938,89.26108649999999,true,,
