zila,upazila,union,lat,lon
Comilla,Debidwar,North Gunaighor,,
Comilla,Debidwar,South Gunaighor,,
Comilla,Debidwar,Boroshalghor,,
Comilla,Debidwar,Rajameher,,
Comilla,Debidwar,Jafargonj,,
Comilla,Debidwar,Dhampti,,
Comilla,Debidwar,Vani,,
Comilla,Barura,North Khoshbas,,
Comilla,Barura,South Khoshbas,,
Comilla,Barura,Jhalam,,
Comilla,Barura,Chitodda,,
Comilla,Barura,North Shilmuri,,
Comilla,Barura,South Shilmuri,,
Comilla,Barura,Payalgacha,,
Comilla,Barura,Laxmipur,,
Comilla,Brahmanpara,Shidli,,
Comilla,Brahmanpara,Brahmanpara Sadar,,
Comilla,Brahmanpara,Shahebabad,,
Comilla,Chandina,Shuhilpur,,
Comilla,Chandina,Bataghashi,,
Comilla,Chandina,Joag,,
Comilla,Chandina,Borcarai,,
Comilla,Chandina,Madhaiya,,
Comilla,Chandina,Dollai Nowabpur,,
Comilla,Chandina,Mohichial,,
Comilla,Chandina,Gollai,,
Comilla,Chandina,Keronkhal,,
Comilla,Chandina,Etberpur,,
Comilla,Chandina,Borcoit,,
Comilla,Chauddagram,Shuvapur,,
Comilla,Chauddagram,Ghulpasha,,
Comilla,Chauddagram,Moonshirhat,,
Comilla,Chauddagram,Jagannatdighi,,
Comilla,Chauddagram,Goonabati,,
Comilla,Daudkandi,Doulotpur,,
Comilla,Daudkandi,Daudkandi,,
Comilla,Daudkandi,North Eliotgonj,,
Comilla,Daudkandi,South Eliotgonj,,
Comilla,Daudkandi,Zinglatoli,,
Comilla,Daudkandi,Sundolpur,,
Comilla,Daudkandi,Gouripur,,
Comilla,Daudkandi,East Mohammadpur,,
Comilla,Daudkandi,West Mohammadpur,,
Comilla,Daudkandi,Betessor,,
Comilla,Daudkandi,Podua,,
Comilla,Daudkandi,West Passgacia,,
Comilla,Daudkandi,Baropara,,
Comilla,Homna,Gagutiea,,
Comilla,Homna,Chanderchor,,
Comilla,Homna,Vashania,,
Comilla,Homna,Nilokhi,,
Comilla,Laksam,Bakoi,,
Comilla,Laksam,Mudafargonj,,
Comilla,Laksam,Uttarda,,
Comilla,Laksam,Laksam Purba,,
Comilla,Laksam,Azgora,,
Comilla,Muradnagar,Sreekil,,
Comilla,Muradnagar,Andicot,,
Comilla,Muradnagar,Purbadair (East),,
Comilla,Muradnagar,Purbadair (West),,
Comilla,Muradnagar,Bangara (East),,
Comilla,Muradnagar,Bangara (West),,
Comilla,Muradnagar,Camalla,,
Comilla,Muradnagar,Ramachandrapur (North),,
Comilla,Muradnagar,Ramachandrapur (South),,
Comilla,Muradnagar,Muradnagar Sadar,,
Comilla,Muradnagar,Nobipur (East),,
Comilla,Muradnagar,Nobipur (West),,
Comilla,Muradnagar,Damgar,,
Comilla,Muradnagar,Salikandi,,
Comilla,Muradnagar,Darura,,
Comilla,Nangalkot,Bangadda,,
Comilla,Nangalkot,Paria,,
Comilla,Nangalkot,Raykot,,
Comilla,Nangalkot,Makrabpur,,
Comilla,Nangalkot,Heshakhal,,
Comilla,Nangalkot,Adra,,
Comilla,Nangalkot,Judda,,
Comilla,Nangalkot,Doulkha,,
Comilla,Nangalkot,Boxgonj,,
Comilla,Sadarsouth,Baropara,,
Comilla,Sadarsouth,Jorkanoneast,,
Comilla,Sadarsouth,Jorkanonwest,,
Comilla,Sadarsouth,Bagmara (North),,
Comilla,Sadarsouth,Bagmara (South),,
Comilla,Sadarsouth,Bhuloin (North),,
Comilla,Sadarsouth,Bhuloin (South),,
Comilla,Sadarsouth,Belgor (North),,
Comilla,Sadarsouth,Belgor (South),,
Comilla,Sadarsouth,Perul (North),,
Feni,Feni Sadar,Panchgachia,,
Feni,Feni Sadar,Dhormapur,,
Feni,Feni Sadar,Dholia,,
Feni,Feni Sadar,Chonua,,
Feni,Feni Sadar,Motobi,,
Feni,Feni Sadar,Forhadnogor,,
Feni,Sonagazi,Charmozlishpur,,
Feni,Sonagazi,Bogadana,,
Feni,Sonagazi,Motigonj,,
Feni,Sonagazi,Mongolkandi,,
Feni,Sonagazi,Chardorbesh,,
Feni,Sonagazi,Chorchandia,,
Feni,Sonagazi,Nababpur,,
Feni,Fulgazi,Dorbarpur,,
Feni,Fulgazi,Anandopur,,
Feni,Fulgazi,Amzadhat,,
Feni,Parshuram,Mizanagar,,
Feni,Parshuram,Ctholia,,
Feni,Parshuram,Boxmahmmud,,
Feni,Daganbhuiyan,Yeakubpur,,
Feni,Daganbhuiyan,Matubhuiyan,,
Feni,Daganbhuiyan,Jayloskor,,
Brahmanbaria,Brahmanbaria Sadar,Machihata,,
Brahmanbaria,Brahmanbaria Sadar,Talsahar,,
Brahmanbaria,Brahmanbaria Sadar,Natai,,
Brahmanbaria,Brahmanbaria Sadar,Natai,,
Brahmanbaria,Brahmanbaria Sadar,Shuhilpur,,
Brahmanbaria,Brahmanbaria Sadar,Bodhal,,
Brahmanbaria,Kasba,Mulagram,,
Brahmanbaria,Kasba,Kharera,,
Brahmanbaria,Kasba,Benauty,,
Brahmanbaria,Kasba,Kasbaw,,
Brahmanbaria,Kasba,Kayempur,,
Brahmanbaria,Nasirnagar,Bhalakut,,
Brahmanbaria,Nasirnagar,Goniauk,,
Brahmanbaria,Nasirnagar,Dharnondol,,
Brahmanbaria,Nasirnagar,Purbabhag,,
Brahmanbaria,Sarail,Auraol,,
Brahmanbaria,Sarail,Pakshimuul,,
Brahmanbaria,Sarail,Kalikaccha,,
Brahmanbaria,Sarail,Panishor,,
Brahmanbaria,Sarail,Noagoun,,
Brahmanbaria,Sarail,Shahajadapur,,
Brahmanbaria,Ashuganj,Ashuganj,,
Brahmanbaria,Ashuganj,Araishidha,,
Brahmanbaria,Ashuganj,Talshaharw,,
Brahmanbaria,Ashuganj,Sarifpur,,
Brahmanbaria,Akhaura,Monionda,,
Brahmanbaria,Akhaura,Akhauran,,
Brahmanbaria,Akhaura,Akhauras,,
Brahmanbaria,Nabinagar,Nathghar,,
Brahmanbaria,Nabinagar,Biddayakut,,
Brahmanbaria,Nabinagar,Nabinagare,,
Brahmanbaria,Nabinagar,Nabinagarw,,
Brahmanbaria,Nabinagar,Bitghar,,
Brahmanbaria,Nabinagar,Jinudpur,,
Brahmanbaria,Nabinagar,Shamogram,,
Brahmanbaria,Nabinagar,Kaitala (North),,
Brahmanbaria,Nabinagar,Kaitala (South),,
Brahmanbaria,Bancharampur,Tazkhali,,
Brahmanbaria,Bancharampur,Pahariya Kandi,,
Brahmanbaria,Bancharampur,Dariadulat,,
Brahmanbaria,Bancharampur,Darikandi,,
Brahmanbaria,Bancharampur,Saifullyakandi,,
Brahmanbaria,Bancharampur,Bancharampur,,
Brahmanbaria,Bancharampur,Ayabpur,,
Brahmanbaria,Bancharampur,Rupushdi,,
Brahmanbaria,Bijoynagar,Bhudanty,,
Brahmanbaria,Bijoynagar,Ichapura,,
Brahmanbaria,Bijoynagar,Singerbil,,
Brahmanbaria,Bijoynagar,Bishupor,,
Brahmanbaria,Bijoynagar,Charislampur,,
Rangamati,Rangamati Sadar,Sapchari,,
Rangamati,Rangamati Sadar,Kutukchari,,
Rangamati,Rangamati Sadar,Mogban,,
Rangamati,Kaptai,Chitmorom,,
Rangamati,Kawkhali,Fatikchari,,
Rangamati,Baghaichari,Bongoltali,,
Rangamati,Baghaichari,Rupokari,,
Rangamati,Baghaichari,Marisha,,
Rangamati,Baghaichari,Khedarmara,,
Rangamati,Baghaichari,Sharoyatali,,
Rangamati,Baghaichari,Baghaichari,,
Rangamati,Barkal,Subalong,,
Rangamati,Barkal,Bushanchara,,
Rangamati,Barkal,Aimachara,,
Rangamati,Barkal,Borohorina,,
Rangamati,Langadu,Langad,,
Rangamati,Langadu,Maeinimukh,,
Rangamati,Langadu,Vasannadam,,
Rangamati,Langadu,Bogachattar,,
Rangamati,Langadu,Kalapakujja,,
Rangamati,Rajasthali,Ghilachari,,
Rangamati,Rajasthali,Gaindya,,
Rangamati,Belaichari,Kengrachari,,
Rangamati,Belaichari,Belaichari,,
Rangamati,Juraichari,Juraichari,,
Rangamati,Juraichari,Banajogichara,,
Rangamati,Juraichari,Moidong,,
Rangamati,Naniarchar,Sabekkhong,,
Noakhali,Noakhali Sadar,Noannoi,,
Noakhali,Noakhali Sadar,Aujbalia,,
Noakhali,Noakhali Sadar,Kaladara,,
Noakhali,Noakhali Sadar,Newajpur,,
Noakhali,Noakhali Sadar,East Charmatua,,
Noakhali,Noakhali Sadar,Andarchar,,
Noakhali,Companiganj,Charparboti,,
Noakhali,Begumganj,Alyearpur,,
Noakhali,Begumganj,Chayani,,
Noakhali,Hatia,Nolchira,,
Noakhali,Hatia,Tomoroddi,,
Noakhali,Hatia,Sonadiya,,
Noakhali,Hatia,Nijhumdwi,,
Noakhali,Subarnachar,Charjubilee,,
Noakhali,Subarnachar,East Charbata,,
Noakhali,Kabirhat,Dhanshiri,,
Noakhali,Kabirhat,Ghoshbag,,
Noakhali,Kabirhat,Batoiya,,
Noakhali,Senbug,Dumurua,,
Noakhali,Senbug,Bejbagh,,
Noakhali,Chatkhil,Porokote,,
Noakhali,Chatkhil,Badalkot,,
Noakhali,Chatkhil,Noakhala,,
Noakhali,Sonaimori,Joyag,,
Noakhali,Sonaimori,Nodona,,
Noakhali,Sonaimori,Barogaon,,
Noakhali,Sonaimori,Ambarnagor,,
Noakhali,Sonaimori,Bajra,,
Chandpur,Haimchar,Algidurgapur (North),,
Chandpur,Haimchar,Algidurgapur (South),,
Chandpur,Kachua,Shohodebpur (East),,
Chandpur,Kachua,Shohodebpur (West),,
Chandpur,Kachua,Kachua (North),,
Chandpur,Kachua,Kachua (South),,
Chandpur,Kachua,Gohat (North),,
Chandpur,Kachua,Gohat (South),,
Chandpur,Kachua,Koroia,,
Chandpur,Shahrasti,Meher (North),,
Chandpur,Shahrasti,Meher (South),,
Chandpur,Shahrasti,Suchipara (North),,
Chandpur,Shahrasti,Suchipara (South),,
Chandpur,Shahrasti,Chitoshi (East),,
Chandpur,Shahrasti,Raysree (South),,
Chandpur,Shahrasti,Raysree (North),,
Chandpur,Shahrasti,Chitoshiwest,,
Chandpur,Chandpur Sadar,Bishnapur,,
Chandpur,Chandpur Sadar,Laxmipur Model,,
Chandpur,Matlab South,Nayergaon (North),,
Chandpur,Matlab South,Nayergaon (South),,
Chandpur,Matlab South,Upadi (South),,
Chandpur,Matlab South,Upadi (North),,
Chandpur,Hajiganj,Rajargaon (North),,
Chandpur,Hajiganj,Kalocho (North),,
Chandpur,Hajiganj,Hajiganj Sadar,,
Chandpur,Hajiganj,Kalocho (South),,
Chandpur,Hajiganj,Barkul (East),,
Chandpur,Hajiganj,Barkul (West),,
Chandpur,Hajiganj,Hatila (East),,
Chandpur,Hajiganj,Hatila (West),,
Chandpur,Hajiganj,Gandharbapur (North),,
Chandpur,Hajiganj,Gandharbapur (South),,
Chandpur,Matlab North,Banganbari,,
Chandpur,Matlab North,Fatehpur (East),,
Chandpur,Matlab North,Fatehpur (West),,
Chandpur,Matlab North,Gazra,,
Chandpur,Faridgonj,Balithuba (West),,
Chandpur,Faridgonj,Balithuba (East),,
Chandpur,Faridgonj,Subidpur (East),,
Chandpur,Faridgonj,Subidpur (West),,
Chandpur,Faridgonj,Gupti (West),,
Chandpur,Faridgonj,Gupti (East),,
Chandpur,Faridgonj,Paikpara (North),,
Chandpur,Faridgonj,Paikpara (South),,
Chandpur,Faridgonj,Gobindapur (North),,
Chandpur,Faridgonj,Gobindapur (South),,
Chandpur,Faridgonj,Chardukhia (East),,
Chandpur,Faridgonj,Chardukhia (West),,
Chandpur,Faridgonj,Faridgonj (South),,
Chandpur,Faridgonj,Rupsha (South),,
Chandpur,Faridgonj,Rupsha (North),,
Lakshmipur,Lakshmipur Sadar,Hamsadi (North),,
Lakshmipur,Lakshmipur Sadar,Hamsadi (South),,
Lakshmipur,Lakshmipur Sadar,Parbotinagar,,
Lakshmipur,Lakshmipur Sadar,Chandrogonj,,
Lakshmipur,Lakshmipur Sadar,Nourthjoypur,,
Lakshmipur,Lakshmipur Sadar,Hazirpara,,
Lakshmipur,Lakshmipur Sadar,Charshahi,,
Lakshmipur,Lakshmipur Sadar,Digli,,
Lakshmipur,Lakshmipur Sadar,Vobanigonj,,
Lakshmipur,Lakshmipur Sadar,Kusakhali,,
Lakshmipur,Lakshmipur Sadar,Sakchor,,
Lakshmipur,Lakshmipur Sadar,Tearigonj,,
Lakshmipur,Lakshmipur Sadar,Tumchor,,
Lakshmipur,Lakshmipur Sadar,Charramoni Mohon,,
Lakshmipur,Kamalnagar,Char Folcon,,
Lakshmipur,Kamalnagar,Patarirhat,,
Lakshmipur,Kamalnagar,Charlorench,,
Lakshmipur,Raipur,Raipur,,
Lakshmipur,Raipur,Keora,,
Lakshmipur,Ramgati,Alxendar,,
Lakshmipur,Ramgati,Borokheri,,
Lakshmipur,Ramganj,Ichhapur,,
Chattogram,Rangunia,Swanirbor Rangunia,,
Chattogram,Rangunia,Mariumnagar,,
Chattogram,Rangunia,Pomra,,
Chattogram,Rangunia,Sharafbhata,,
Chattogram,Rangunia,Shilok,,
Chattogram,Rangunia,Chandraghona,,
Chattogram,Mirsharai,Korerhat,,
Chattogram,Mirsharai,Jorarganj,,
Chattogram,Mirsharai,Dhoom,,
Chattogram,Mirsharai,Ichakhali,,
Chattogram,Patiya,Char Patharghata,,
Chattogram,Patiya,Char Lakshya,,
Chattogram,Patiya,Juldha,,
Chattogram,Patiya,Dakkhin Bhurshi,,
Chattogram,Patiya,Bara Uthan,,
Chattogram,Patiya,Habilasdwi,,
Chattogram,Banshkhali,Silk,,
Chattogram,Boalkhali,Pashchim Gamdandi,,
Chattogram,Boalkhali,Charandwi,,
Chattogram,Boalkhali,Sreepur-Kharandwi,,
Chattogram,Boalkhali,Amuchia,,
Chattogram,Boalkhali,Ahla Karaldenga,,
Chattogram,Anwara,Boirag,,
Chattogram,Anwara,Raipur,,
Chattogram,Anwara,Barumchara,,
Chattogram,Anwara,Baroakhan,,
Chattogram,Anwara,Anwara,,
Chattogram,Chandanaish,Joara,,
Chattogram,Chandanaish,Bailtali,,
Chattogram,Satkania,Amilaisi,,
Chattogram,Satkania,Eochiai,,
Chattogram,Lohagara,Padua,,
Chattogram,Hathazari,Farhadabad,,
Chattogram,Hathazari,Mirjapur,,
Chattogram,Hathazari,Nangolmora,,
Chattogram,Hathazari,Gomanmordan,,
Chattogram,Hathazari,Chipatali,,
Chattogram,Hathazari,Fathepur,,
Chattogram,Hathazari,Chikondandi,,
Chattogram,Hathazari,Uttar Madrasha,,
Chattogram,Hathazari,Dakkin Madrasha,,
Chattogram,Hathazari,Sikarpur,,
Chattogram,Hathazari,Budirchar,,
Chattogram,Fatikchhari,Dharmapur,,
Chattogram,Fatikchhari,Harualchari,,
Chattogram,Fatikchhari,Paindong,,
Chattogram,Fatikchhari,Kanchannagor,,
Chattogram,Fatikchhari,Sunderpur,,
Chattogram,Fatikchhari,Jafathagar,,
Chattogram,Fatikchhari,Bokhtapur,,
Chattogram,Fatikchhari,Roshangiri,,
Chattogram,Fatikchhari,Nanupur,,
Chattogram,Raozan,Purbagujra,,
Chattogram,Raozan,Paschim Gujra,,
Chattogram,Raozan,Gohira,,
Chattogram,Raozan,Holdia,,
Chattogram,Raozan,Kodolpur,,
Chattogram,Raozan,Nowajushpur,,
Chattogram,Karnafuli,Char Patharghata,,
Chattogram,Karnafuli,Char Lakshya,,
Chattogram,Karnafuli,Juldha,,
Chattogram,Karnafuli,Barauthan,,
Chattogram,Karnafuli,Sikalbaha,,
Coxsbazar,Coxsbazar Sadar,Eidgaon,,
Coxsbazar,Coxsbazar Sadar,Chowfaldandi,,
Coxsbazar,Coxsbazar Sadar,Varuakhali,,
Coxsbazar,Coxsbazar Sadar,Pmkhali,,
Coxsbazar,Coxsbazar Sadar,Khurushkhul,,
Coxsbazar,Coxsbazar Sadar,Jhilongjha,,
Coxsbazar,Chakaria,Fashiakhali,,
Coxsbazar,Kutubdia,Dakshi Dhurung,,
Coxsbazar,Kutubdia,Baragho,,
Coxsbazar,Ukhiya,Holdiapalong,,
Coxsbazar,Moheshkhali,Boro Moheshkhali,,
Coxsbazar,Moheshkhali,Choto Moheshkhali,,
Coxsbazar,Moheshkhali,Shaplapur,,
Coxsbazar,Moheshkhali,Kutubjum,,
Coxsbazar,Pekua,Barabakia,,
Coxsbazar,Pekua,Shilkhali,,
Coxsbazar,Ramu,Fotekharkul,,
Coxsbazar,Ramu,Eidghar,,
Coxsbazar,Ramu,Kacchapia,,
Coxsbazar,Ramu,Kauwarkho,,
Coxsbazar,Ramu,Dakkhin Mithachhari,,
Coxsbazar,Ramu,Jouarianala,,
Coxsbazar,Ramu,Garjoniya,,
Coxsbazar,Teknaf,Subrang,,
Coxsbazar,Teknaf,Baharchara,,
Coxsbazar,Teknaf,Hnila,,
Coxsbazar,Teknaf,Saintmartin,,
Coxsbazar,Teknaf,Teknaf Sadar,,
Khagrachhari,Khagrachhari Sadar,Khagrachhari Sadar,,
Khagrachhari,Khagrachhari Sadar,Parachara,,
Khagrachhari,Khagrachhari Sadar,Kamalchari,,
Khagrachhari,Dighinala,Babuchara,,
Khagrachhari,Panchari,Changi,,
Khagrachhari,Panchari,Panchari,,
Khagrachhari,Laxmichhari,Dullyatali,,
Khagrachhari,Laxmichhari,Barmachari,,
Khagrachhari,Laxmichhari,Laxmichhari,,
Khagrachhari,Mohalchari,Bhaibonchara,,
Khagrachhari,Mohalchari,Mahalchari,,
Khagrachhari,Mohalchari,Mobachari,,
Khagrachhari,Mohalchari,Kayanghat,,
Khagrachhari,Mohalchari,Maischari,,
Khagrachhari,Manikchari,Manikchari,,
Khagrachhari,Manikchari,Jogyachola,,
Khagrachhari,Ramgarh,Patachara,,
Khagrachhari,Ramgarh,Hafchari,,
Khagrachhari,Matiranga,Taindong,,
Khagrachhari,Matiranga,Tabalchari,,
Khagrachhari,Matiranga,Barnal,,
Khagrachhari,Matiranga,Gomti,,
Khagrachhari,Matiranga,Balchari,,
Bandarban,Bandarban Sadar,Tongkaboty,,
Bandarban,Bandarban Sadar,Suwalok,,
Bandarban,Bandarban Sadar,Bandarban Sadar,,
Bandarban,Alikadam,Alikadam Sadar,,
Bandarban,Alikadam,Chwekhyong,,
Bandarban,Naikhongchhari,Naikhyongchari Sadar,,
Bandarban,Naikhongchhari,Gumdhum,,
Bandarban,Naikhongchhari,Sonaychari,,
Bandarban,Naikhongchhari,Duwchari,,
Bandarban,Rowangchhari,Rowangchari Sadar,,
Bandarban,Rowangchhari,Taracha,,
Bandarban,Rowangchhari,Alekyong,,
Bandarban,Rowangchhari,Nawapotong,,
Bandarban,Lama,Lama Sadar,,
Bandarban,Lama,Fasiakhali,,
Bandarban,Lama,Fythong,,
Bandarban,Lama,Rupushipara,,
Bandarban,Ruma,Paind,,
Bandarban,Ruma,Ruma Sadar,,
Bandarban,Ruma,Ramakreprangsa,,
Bandarban,Ruma,Galanggya,,
Bandarban,Thanchi,Remakre,,
Bandarban,Thanchi,Tind,,
Bandarban,Thanchi,Thanchi Sadar,,
Sirajganj,Belkuchi,Belkuchi Sadar,,
Sirajganj,Belkuchi,Doulatpur,,
Sirajganj,Chauhali,Gharjan,,
Sirajganj,Chauhali,Sadia Chandpur,,
Sirajganj,Kamarkhand,Jamtail,,
Sirajganj,Kazipur,Chalitadangha,,
Sirajganj,Kazipur,Kazipur Sadar,,
Sirajganj,Kazipur,Monsur Nagar,,
Sirajganj,Kazipur,Subhagacha,,
Sirajganj,Raigonj,Brommogacha,,
Sirajganj,Raigonj,Chandaikona,,
Sirajganj,Shahjadpur,Kayempure,,
Sirajganj,Shahjadpur,Garadah,,
Sirajganj,Shahjadpur,Potazia,,
Sirajganj,Shahjadpur,Rupbati,,
Sirajganj,Shahjadpur,Porzona,,
Sirajganj,Shahjadpur,Habibullah Nagar,,
Sirajganj,Shahjadpur,Koizuri,,
Sirajganj,Shahjadpur,Sonatoni,,
Sirajganj,Sirajganj Sadar,Bagbati,,
Sirajganj,Sirajganj Sadar,Bohuli,,
Sirajganj,Sirajganj Sadar,Sheyalkol,,
Sirajganj,Sirajganj Sadar,Khokshabari,,
Sirajganj,Sirajganj Sadar,Songacha,,
Sirajganj,Sirajganj Sadar,Mesra,,
Sirajganj,Sirajganj Sadar,Kowakhola,,
Sirajganj,Sirajganj Sadar,Kaliahoripur,,
Sirajganj,Sirajganj Sadar,Soydabad,,
Sirajganj,Tarash,Talam,,
Sirajganj,Tarash,Soguna,,
Sirajganj,Ullapara,Ullapara Sadar,,
Sirajganj,Ullapara,Ramkrisnopur,,
Sirajganj,Ullapara,Boropangashi,,
Sirajganj,Ullapara,Purnimagati,,
Sirajganj,Ullapara,Borohor,,
Sirajganj,Ullapara,Ponchocroshi,,
Sirajganj,Ullapara,Salo,,
Pabna,Sujanagar,Tantibonda,,
Pabna,Sujanagar,Ahammadpur,,
Pabna,Sujanagar,Sagorkandi,,
Pabna,Ishurdi,Luxmikunda,,
Pabna,Pabna Sadar,Ataikula,,
Pabna,Pabna Sadar,Dogachi,,
Pabna,Bera,Notun Varenga,,
Pabna,Bera,Jatsakhini,,
Pabna,Bera,Puran Varenga,,
Pabna,Atghoria,Chandba,,
Pabna,Atghoria,Laxshmipur,,
Pabna,Chatmohar,Chhaikola,,
Pabna,Santhia,Karamja,,
Pabna,Santhia,Khetupara,,
Pabna,Santhia,Ar-Ataikula,,
Bogura,Kahaloo,Narhatta,,
Bogura,Shariakandi,Sariakandi Sadar,,
Bogura,Shariakandi,Hatfulbari,,
Bogura,Dupchanchia,Dupchanchia,,
Bogura,Adamdighi,Nasaratpur,,
Bogura,Adamdighi,Chapapur,,
Bogura,Sonatala,Zorgacha,,
Bogura,Sonatala,Tekani Chukinagar,,
Bogura,Dhunot,Nimgachi,,
Bogura,Dhunot,Gossainbari,,
Bogura,Dhunot,Mothurapur,,
Bogura,Dhunot,Chowkibari,,
Bogura,Dhunot,Dhunat Sadar,,
Bogura,Sherpur,Shahbondegi,,
Bogura,Shibganj,Moidanhatta,,
Bogura,Shibganj,Kichok,,
Bogura,Shibganj,Pirob,,
Bogura,Shibganj,Deuly,,
Bogura,Shibganj,Sayedpur,,
Bogura,Shibganj,Raynagar,,
Rajshahi,Paba,Darsanpara,,
Rajshahi,Paba,Damkura,,
Rajshahi,Paba,Horipur,,
Rajshahi,Paba,Horogram,,
Rajshahi,Paba,Borgachi,,
Rajshahi,Durgapur,Naopara,,
Rajshahi,Durgapur,Kismatgankoir,,
Rajshahi,Durgapur,Pananagar,,
Rajshahi,Durgapur,Joynogor,,
Rajshahi,Mohonpur,Dhuroil,,
Rajshahi,Mohonpur,Raighati,,
Rajshahi,Mohonpur,Mougachi,,
Rajshahi,Mohonpur,Baksimoil,,
Rajshahi,Charghat,Yousufpur,,
Rajshahi,Charghat,Solua,,
Rajshahi,Charghat,Vialuxmipur,,
Rajshahi,Puthia,Baneswar,,
Rajshahi,Puthia,Valukgachi,,
Rajshahi,Puthia,Shilmaria,,
Rajshahi,Puthia,Jewpara,,
Rajshahi,Bagha,Gorgori,,
Rajshahi,Bagha,Monigram,,
Rajshahi,Godagari,Mohonpur,,
Rajshahi,Godagari,Risikul,,
Rajshahi,Godagari,Dewpara,,
Rajshahi,Godagari,Asariadaha,,
Rajshahi,Tanore,Panchandar,,
Rajshahi,Tanore,Talondo,,
Rajshahi,Bagmara,Gobindopara,,
Rajshahi,Bagmara,Nordas,,
Rajshahi,Bagmara,Dippur,,
Rajshahi,Bagmara,Borobihanoli,,
Rajshahi,Bagmara,Kacharikoalipara,,
Rajshahi,Bagmara,Suvodanga,,
Rajshahi,Bagmara,Mariaup,,
Rajshahi,Bagmara,Zhikara,,
Rajshahi,Bagmara,Gualkandi,,
Rajshahi,Bagmara,Hamirkutsa,,
Natore,Natore Sadar,Biprobelghoria,,
Natore,Natore Sadar,Luxmipurkholabaria,,
Natore,Natore Sadar,Barahorispur,,
Natore,Natore Sadar,Kaphuria,,
Natore,Singra,Lalore,,
Natore,Singra,Sherkole,,
Natore,Singra,Tajpur,,
Natore,Singra,Chaugram,,
Natore,Baraigram,Zonail,,
Natore,Baraigram,Nagor,,
Natore,Baraigram,Majgoan,,
Natore,Baraigram,Chandai,,
Natore,Bagatipara,Jamnagor,,
Natore,Lalpur,Iswardi,,
Natore,Lalpur,Chongdhupoil,,
Natore,Lalpur,Oalia,,
Natore,Lalpur,Arjunpur,,
Natore,Lalpur,Kadimchilan,,
Natore,Gurudaspur,Moshindha,,
Joypurhat,Kalai,Punot,,
Joypurhat,Kalai,Udaipur,,
Joypurhat,Khetlal,Borail,,
Joypurhat,Khetlal,Tulshiganga,,
Joypurhat,Khetlal,Boratara,,
Joypurhat,Panchbibi,Mohammadpur,,
Joypurhat,Joypurhat Sadar,Bamb,,
Joypurhat,Joypurhat Sadar,Dogachi,,
Joypurhat,Joypurhat Sadar,Chakborkat,,
Joypurhat,Joypurhat Sadar,Bhadsha,,
Chapainawabganj,Chapainawabganj Sadar,Baroghoria,,
Chapainawabganj,Chapainawabganj Sadar,Moharajpur,,
Chapainawabganj,Chapainawabganj Sadar,Baliadanga,,
Chapainawabganj,Chapainawabganj Sadar,Gobratola,,
Chapainawabganj,Gomostapur,Rahanpur,,
Chapainawabganj,Gomostapur,Bangabari,,
Chapainawabganj,Gomostapur,Parbotipur,,
Chapainawabganj,Gomostapur,Gomostapur,,
Chapainawabganj,Nachol,Fhotepur,,
Chapainawabganj,Nachol,Kosba,,
Chapainawabganj,Nachol,Nezampur,,
Chapainawabganj,Nachol,Nachol,,
Chapainawabganj,Bholahat,Daldoli,,
Chapainawabganj,Shibganj,Durlovpur,,
Chapainawabganj,Shibganj,Monakasha,,
Chapainawabganj,Shibganj,Noyalavanga,,
Chapainawabganj,Shibganj,Chatrajitpur,,
Chapainawabganj,Shibganj,Shahabajpur,,
Chapainawabganj,Shibganj,Ujirpur,,
Naogaon,Mohadevpur,1nomohadevpur,,
Naogaon,Mohadevpur,Chandas,,
Naogaon,Mohadevpur,Sofapur,,
Naogaon,Mohadevpur,Vimpur,,
Naogaon,Mohadevpur,Roygon,,
Naogaon,Badalgachi,Badalgachi,,
Naogaon,Badalgachi,Mothurapur,,
Naogaon,Badalgachi,Bilashbari,,
Naogaon,Patnitala,Matindar,,
Naogaon,Patnitala,Patichrara,,
Naogaon,Patnitala,Ghasnagar,,
Naogaon,Niamatpur,Paroil,,
Naogaon,Niamatpur,Sremantapur,,
Naogaon,Manda,Varsho,,
Naogaon,Manda,Valain,,
Naogaon,Manda,Goneshpur,,
Naogaon,Manda,Moinom,,
Naogaon,Manda,Proshadpur,,
Naogaon,Manda,Kosomba,,
Naogaon,Manda,Tetulia,,
Naogaon,Manda,Kalikapur,,
Naogaon,Manda,Kashopara,,
Naogaon,Manda,Koshob,,
Naogaon,Manda,Bisnopur,,
Naogaon,Atrai,Shahagola,,
Naogaon,Atrai,Bhonpara,,
Naogaon,Atrai,Maniary,,
Naogaon,Atrai,Kalikapur,,
Naogaon,Raninagar,Khatteshawr,,
Naogaon,Raninagar,Paroil,,
Naogaon,Raninagar,Borgoca,,
Naogaon,Naogaon Sadar,Kritipur,,
Naogaon,Naogaon Sadar,Hapaniya,,
Naogaon,Naogaon Sadar,Hashaigari,,
Naogaon,Naogaon Sadar,Bolihar,,
Naogaon,Naogaon Sadar,Shekerpur,,
Naogaon,Naogaon Sadar,Shailgachhi,,
Naogaon,Porsha,Nitpur,,
Naogaon,Porsha,Chhaor,,
Naogaon,Porsha,Moshidpur,,
Jashore,Abhaynagar,Subharara,,
Jashore,Chougachha,Chougachha,,
Jashore,Chougachha,Patibila,,
Jashore,Chougachha,Fulsara,,
Jashore,Chougachha,Hakimpur,,
Jashore,Jhikargacha,Gangananda,,
Jashore,Jhikargacha,Jhikargachha,,
Jashore,Jhikargacha,Hajirbagh,,
Jashore,Keshabpur,Mongolkot,,
Jashore,Jessore Sadar,Upasahar,,
Jashore,Jessore Sadar,Kachua,,
Jashore,Jessore Sadar,Narendrapur,,
Jashore,Jessore Sadar,Noapara,,
Jashore,Jessore Sadar,Ramnagar,,
Jashore,Jessore Sadar,Dearamodel,,
Jashore,Sharsha,Ulshi,,
Jashore,Sharsha,Bagachra,,
Satkhira,Assasuni,Durgapur,,
Satkhira,Kalaroa,Jogikhali,,
Satkhira,Kalaroa,Deara,,
Meherpur,Mujibnagar,Bagowan,,
Meherpur,Mujibnagar,Mohajanpur,,
Meherpur,Meherpur Sadar,Amdah,,
Meherpur,Gangni,Bamondi,,
Meherpur,Gangni,Motmura,,
Meherpur,Gangni,Sholotaka,,
Meherpur,Gangni,Dhankolla,,
Meherpur,Gangni,Raipur,,
Narail,Narail Sadar,Sheikhati,,
Narail,Narail Sadar,Shahabad,,
Narail,Narail Sadar,Bashgram,,
Narail,Narail Sadar,Habokhali,,
Narail,Narail Sadar,Maijpara,,
Narail,Narail Sadar,Bisali,,
Narail,Narail Sadar,Chandiborpur,,
Narail,Narail Sadar,Singasholpur,,
Narail,Lohagara,Lohagora,,
Narail,Lohagara,Salnagar,,
Narail,Lohagara,Kotakol,,
Narail,Lohagara,Digholia,,
Narail,Kalia,Jaynagor,,
Narail,Kalia,Pahordanga,,
Narail,Kalia,Babrahasla,,
Narail,Kalia,Baioshona,,
Narail,Kalia,Chacuri,,
Narail,Kalia,Peroli,,
Narail,Kalia,Khashial,,
Narail,Kalia,Boronaleliasabad,,
Narail,Kalia,Panchgram,,
Chuadanga,Chuadanga Sadar,Alukdia,,
Chuadanga,Chuadanga Sadar,Titudah,,
Chuadanga,Chuadanga Sadar,Begumpur,,
Chuadanga,Alamdanga,Bhangbaria,,
Chuadanga,Alamdanga,Belgachi,,
Chuadanga,Alamdanga,Nagdah,,
Chuadanga,Alamdanga,Kashkorara,,
Chuadanga,Alamdanga,Chitla,,
Chuadanga,Alamdanga,Ailhash,,
Chuadanga,Damurhuda,Karpashdanga,,
Chuadanga,Damurhuda,Hawli,,
Chuadanga,Damurhuda,Kurulgachhi,,
Chuadanga,Damurhuda,Perkrishnopur Madna,,
Chuadanga,Jibannagar,Shimanto,,
Chuadanga,Jibannagar,Raypur,,
Chuadanga,Jibannagar,Hasadah,,
Kushtia,Kushtia Sadar,Hatash Haripur,,
Kushtia,Kushtia Sadar,Bottail,,
Kushtia,Kushtia Sadar,Ziaraakhi,,
Kushtia,Kushtia Sadar,Patikabari,,
Kushtia,Kushtia Sadar,Abdulpur,,
Kushtia,Kushtia Sadar,Monohardia,,
Kushtia,Kushtia Sadar,Goswami Durgapur,,
Kushtia,Kumarkhali,Jagonnathpur,,
Kushtia,Kumarkhali,Sadki,,
Kushtia,Kumarkhali,Shelaidah,,
Kushtia,Kumarkhali,Nandolalpur,,
Kushtia,Kumarkhali,Chadpur,,
Kushtia,Kumarkhali,Charsadipur,,
Kushtia,Khoksa,Joyntihazra,,
Kushtia,Khoksa,Bethbaria,,
Kushtia,Khoksa,Shomospur,,
Kushtia,Mirpur,Chithalia,,
Kushtia,Mirpur,Dhubail,,
Kushtia,Daulatpur,Hogolbaria,,
Kushtia,Daulatpur,Philipnagor,,
Kushtia,Daulatpur,Chilmary,,
Kushtia,Daulatpur,Mothurapur,,
Kushtia,Daulatpur,Pragpur,,
Kushtia,Daulatpur,Piarpur,,
Kushtia,Daulatpur,Moricha,,
Kushtia,Daulatpur,Refaitpur,,
Kushtia,Daulatpur,Ramkrishnopur,,
Kushtia,Bheramara,Mukarimpur,,
Kushtia,Bheramara,Juniadah,,
Magura,Shalikha,Gongarampur,,
Magura,Sreepur,Goyespur,,
Magura,Sreepur,Shobdalpur,,
Magura,Sreepur,Amalshar,,
Magura,Magura Sadar,Atharokhada,,
Magura,Magura Sadar,Kosundi,,
Magura,Magura Sadar,Bogia,,
Magura,Magura Sadar,Raghobdair,,
Magura,Magura Sadar,Chawlia,,
Magura,Magura Sadar,Satrijitpur,,
Magura,Magura Sadar,Baroilpolita,,
Magura,Magura Sadar,Moghi,,
Magura,Mohammadpur,Nohata,,
Magura,Mohammadpur,Binodpur,,
Khulna,Paikgasa,Horidhali,,
Khulna,Paikgasa,Goroikhali,,
Khulna,Paikgasa,Kopilmuni,,
Khulna,Paikgasa,Lota,,
Khulna,Paikgasa,Loskor,,
Khulna,Paikgasa,Godaipur,,
Khulna,Paikgasa,Soladana,,
Khulna,Fultola,Fultola,,
Khulna,Fultola,Atra Gilatola,,
Khulna,Digholia,Gajirhat,,
Khulna,Digholia,Barakpur,,
Khulna,Digholia,Aronghata,,
Khulna,Digholia,Jogipol,,
Khulna,Digholia,Digholia,,
Khulna,Rupsha,Aichgati,,
Khulna,Rupsha,Srifoltola,,
Khulna,Rupsha,Noihati,,
Khulna,Rupsha,Tsb,,
Khulna,Rupsha,Ghatvog,,
Khulna,Terokhada,Chagladoho,,
Khulna,Terokhada,Sochiadaho,,
Khulna,Terokhada,Modhupur,,
Khulna,Terokhada,Ajgora,,
Khulna,Dumuria,Magurghona,,
Khulna,Dumuria,Vandarpara,,
Khulna,Dumuria,Sahos,,
Khulna,Dumuria,Rudaghora,,
Khulna,Dumuria,Ghutudia,,
Khulna,Dumuria,Shovna,,
Khulna,Dumuria,Khornia,,
Khulna,Dumuria,Rongpur,,
Khulna,Dumuria,Shorafpur,,
Khulna,Botiaghata,Botiaghata,,
Khulna,Botiaghata,Gongarampur,,
Khulna,Botiaghata,Vandarkot,,
Khulna,Botiaghata,Jolma,,
Khulna,Dakop,Dakop,,
Khulna,Dakop,Laudoba,,
Khulna,Dakop,Koilashgonj,,
Khulna,Koyra,Moharajpur,,
Khulna,Koyra,Moheswaripur,,
Khulna,Koyra,North Bedkashi,,
Khulna,Koyra,South Bedkashi,,
Bagerhat,Fakirhat,Bahirdia-Mansa,,
Bagerhat,Fakirhat,Naldha-Mouvhog,,
Bagerhat,Fakirhat,Suvhadia,,
Bagerhat,Bagerhat Sadar,Bamorta,,
Bagerhat,Bagerhat Sadar,Bishnapur,,
Bagerhat,Bagerhat Sadar,Baruipara,,
Bagerhat,Bagerhat Sadar,Jatharapur,,
Bagerhat,Bagerhat Sadar,Shaitgomboj,,
Bagerhat,Bagerhat Sadar,Rakhalgachi,,
Bagerhat,Mollahat,Udoypur,,
Bagerhat,Sarankhola,Dhanshagor,,
Bagerhat,Sarankhola,Rayenda,,
Bagerhat,Sarankhola,Southkhali,,
Bagerhat,Rampal,Gouramva,,
Bagerhat,Rampal,Uzzalkur,,
Bagerhat,Rampal,Vospatia,,
Bagerhat,Rampal,Mollikerbar,,
Bagerhat,Rampal,Bastoli,,
Bagerhat,Morrelganj,Jiudhara,,
Bagerhat,Morrelganj,Khaulia,,
Bagerhat,Kachua,Gojalia,,
Bagerhat,Kachua,Moghia,,
Bagerhat,Mongla,Burrirdangga,,
Bagerhat,Mongla,Sonailtala,,
Bagerhat,Mongla,Chadpai,,
Bagerhat,Chitalmari,Barobaria,,
Bagerhat,Chitalmari,Shibpur,,
Bagerhat,Chitalmari,Charbaniri,,
Bagerhat,Chitalmari,Shantoshpur,,
Jhenaidah,Jhenaidah Sadar,Modhuhati,,
Jhenaidah,Jhenaidah Sadar,Maharazpur,,
Jhenaidah,Jhenaidah Sadar,Harishongkorpur,,
Jhenaidah,Jhenaidah Sadar,Furshondi,,
Jhenaidah,Shailkupa,Dignagore,,
Jhenaidah,Shailkupa,Dhaloharachandra,,
Jhenaidah,Shailkupa,Bogura,,
Jhenaidah,Shailkupa,Dudshar,,
Jhenaidah,Harinakundu,Joradah,,
Jhenaidah,Harinakundu,Kapashatia,,
Jhenaidah,Harinakundu,Falsi,,
Jhenaidah,Kaliganj,Raygram,,
Jhenaidah,Moheshpur,Sbk,,
Jhenaidah,Moheshpur,Fatepur,,
Jhenaidah,Moheshpur,Manderbaria,,
Jhalakathi,Kathalia,Patikhalghata,,
Jhalakathi,Kathalia,Shaulajalia,,
Jhalakathi,Nalchity,Kulkathi,,
Jhalakathi,Nalchity,Bharabpasha,,
Patuakhali,Bauphal,Nawmala,,
Patuakhali,Bauphal,Najirpur,,
Patuakhali,Bauphal,Boga,,
Patuakhali,Bauphal,Shurjamoni,,
Patuakhali,Bauphal,Kachipara,,
Patuakhali,Patuakhali Sadar,Laukathi,,
Patuakhali,Patuakhali Sadar,Jainkathi,,
Patuakhali,Patuakhali Sadar,Itbaria,,
Patuakhali,Patuakhali Sadar,Chotobighai,,
Patuakhali,Patuakhali Sadar,Borobighai,,
Patuakhali,Dumki,Pangasia,,
Patuakhali,Dumki,Labukhali,,
Patuakhali,Dashmina,Bashbaria,,
Patuakhali,Dashmina,Betagi Shankipur,,
Patuakhali,Dashmina,Baharampur,,
Patuakhali,Kalapara,Chakamaia,,
Patuakhali,Kalapara,Mithagonj,,
Patuakhali,Kalapara,Nilgonj,,
Patuakhali,Kalapara,Dulaser,,
Patuakhali,Kalapara,Mahipur,,
Patuakhali,Kalapara,Dalbugonj,,
Patuakhali,Mirzaganj,Amragachia,,
Patuakhali,Mirzaganj,Majidbaria,,
Patuakhali,Galachipa,Charkajol,,
Patuakhali,Galachipa,Kalagachhia,,
Patuakhali,Rangabali,Barobaisdia,,
Patuakhali,Rangabali,Chattobaisdia,,
Pirojpur,Pirojpur Sadar,Shikder Mallik,,
Pirojpur,Pirojpur Sadar,Kodomtala,,
Pirojpur,Pirojpur Sadar,Kolakhali,,
Pirojpur,Pirojpur Sadar,Shariktola,,
Pirojpur,Pirojpur Sadar,Shankorpasa,,
Pirojpur,Nazirpur,Mativangga,,
Pirojpur,Nazirpur,Daulbari Dobra,,
Pirojpur,Nazirpur,Sriramkathi,,
Pirojpur,Nazirpur,Shakhmatia,,
Pirojpur,Nazirpur,Nazirpur Sadar,,
Pirojpur,Nazirpur,Shakharikathi,,
Pirojpur,Kawkhali,Sayna Rogunathpur,,
Pirojpur,Kawkhali,Amrazuri,,
Pirojpur,Kawkhali,Kawkhali Sadar,,
Pirojpur,Kawkhali,Shialkhathi,,
Pirojpur,Bhandaria,Vitabaria,,
Pirojpur,Bhandaria,Nodmulla,,
Pirojpur,Bhandaria,Ekree,,
Pirojpur,Bhandaria,Vandaria Sadar,,
Pirojpur,Bhandaria,Gouripur,,
Pirojpur,Mathbaria,Tuskhali,,
Pirojpur,Mathbaria,Betmor Rajpara,,
Pirojpur,Mathbaria,Amragachia,,
Pirojpur,Mathbaria,Shapleza,,
Pirojpur,Mathbaria,Baramasua,,
Pirojpur,Mathbaria,Haltagulishakhali,,
Pirojpur,Nesarabad,Boldia,,
Pirojpur,Nesarabad,Atghorkuriana,,
Pirojpur,Nesarabad,Jolabari,,
Pirojpur,Nesarabad,Doyhary,,
Pirojpur,Nesarabad,Somudoykathi,,
Pirojpur,Nesarabad,Sutiakathi,,
Pirojpur,Nesarabad,Sarengkathi,,
Pirojpur,Nesarabad,Shorupkathi,,
Barisal,Barisal Sadar,Raipasha Karapur,,
Barisal,Barisal Sadar,Shyastabad,,
Barisal,Barisal Sadar,Zagua,,
Barisal,Barisal Sadar,Charcowa,,
Barisal,Bakerganj,Charade,,
Barisal,Bakerganj,Kalashkathi,,
Barisal,Bakerganj,Padreeshibpur,,
Barisal,Bakerganj,Niamoti,,
Barisal,Babuganj,Jahangir Nagar,,
Barisal,Babuganj,Kaderpur,,
Barisal,Babuganj,Deherhoti,,
Barisal,Babuganj,Rahamtpur,,
Barisal,Babuganj,Madhbpasha,,
Barisal,Wazirpur,Shatla,,
Barisal,Wazirpur,Sholok,,
Barisal,Wazirpur,Barakhota,,
Barisal,Wazirpur,Shikerpur Wazirpur,,
Barisal,Wazirpur,Gouthia,,
Barisal,Banaripara,Bisharkandi,,
Barisal,Banaripara,Illuhar,,
Barisal,Banaripara,Sayedkathi,,
Barisal,Banaripara,Baishari,,
Barisal,Banaripara,Udykhati,,
Barisal,Agailjhara,Rajihar,,
Barisal,Agailjhara,Goila,,
Barisal,Mehendiganj,Andarmanik,,
Barisal,Mehendiganj,Charakkorea,,
Barisal,Mehendiganj,Mehendigong,,
Barisal,Mehendiganj,Biddanandapur,,
Barisal,Mehendiganj,Bhashanchar,,
Barisal,Mehendiganj,Darirchar Khajuria,,
Barisal,Muladi,Gaschua,,
Barisal,Muladi,Charkalekha,,
Barisal,Hizla,Barjalia,,
Barisal,Hizla,Hizla Gourabdi,,
Bhola,Bhola Sadar,Razapur,,
Bhola,Bhola Sadar,Ilisha,,
Bhola,Bhola Sadar,Westilisa,,
Bhola,Bhola Sadar,Alinagor,,
Bhola,Bhola Sadar,Charshamya,,
Bhola,Bhola Sadar,Vhelumia,,
Bhola,Bhola Sadar,North Digholdi,,
Bhola,Bhola Sadar,South Digholdi,,
Bhola,Borhan Sddin,Boromanika,,
Bhola,Borhan Sddin,Kutuba,,
Bhola,Charfesson,Osmangonj,,
Bhola,Charfesson,Zinnagor,,
Bhola,Charfesson,Nilkomol,,
Bhola,Charfesson,Charmadraj,,
Bhola,Charfesson,Awajpur,,
Bhola,Charfesson,Awajpur,,
Bhola,Charfesson,Charkolmi,,
Bhola,Charfesson,Hazarigonj,,
Bhola,Charfesson,Kukrimukri,,
Bhola,Charfesson,Abdullahpur,,
Bhola,Charfesson,Dalchar,,
Bhola,Doulatkhan,Madua,,
Bhola,Doulatkhan,North Joy Nagar,,
Bhola,Doulatkhan,South Joy Nagar,,
Bhola,Doulatkhan,Char Khalipa,,
Bhola,Doulatkhan,Sayedpur,,
Bhola,Doulatkhan,Hazipur,,
Bhola,Doulatkhan,Vhovanipur,,
Bhola,Monpura,Hazirhat,,
Bhola,Monpura,Monpura,,
Bhola,Monpura,North Sakuchia,,
Bhola,Monpura,South Sakuchia,,
Bhola,Tazumuddin,Shambupur,,
Bhola,Tazumuddin,Chadpur,,
Bhola,Tazumuddin,Baro Molongchora,,
Bhola,Lalmohan,Dholigour Nagar,,
Bhola,Lalmohan,Lord Hardinge,,
Bhola,Lalmohan,Ramagonj,,
Bhola,Lalmohan,Farajgonj,,
Barguna,Amtali,Gulishakhali,,
Barguna,Amtali,Athrogasia,,
Barguna,Amtali,Chotobogi,,
Barguna,Amtali,Arpangasia,,
Barguna,Barguna Sadar,Noltona,,
Barguna,Barguna Sadar,Bodorkhali,,
Barguna,Barguna Sadar,Gowrichanna,,
Barguna,Barguna Sadar,Fuljhuri,,
Barguna,Barguna Sadar,Burirchor,,
Barguna,Betagi,Buramajumder,,
Barguna,Betagi,Sarisamuri,,
Barguna,Bamna,Doutola,,
Barguna,Pathorghata,Charduany,,
Barguna,Taltali,Karibaria,,
Barguna,Taltali,Chhotabagi,,
Barguna,Taltali,Sarikkhali,,
Sylhet,Balaganj,East Poilanpur,,
Sylhet,Balaganj,Boaljur,,
Sylhet,Balaganj,West Gouripur,,
Sylhet,Balaganj,East Gouripur,,
Sylhet,Beanibazar,Dubag,,
Sylhet,Beanibazar,Mullapur,,
Sylhet,Bishwanath,Khajanchi,,
Sylhet,Bishwanath,Alankari,,
Sylhet,Bishwanath,Dewkalash,,
Sylhet,Bishwanath,Doshghar,,
Sylhet,Companiganj,Islampur Paschim,,
Sylhet,Companiganj,Islampur Purba,,
Sylhet,Companiganj,Uttor Ronikhai,,
Sylhet,Companiganj,Dakkin Ronikhai,,
Sylhet,Fenchuganj,Ghilachora,,
Sylhet,Fenchuganj,Uttar Kushiara,,
Sylhet,Fenchuganj,Uttar Fenchuganj,,
Sylhet,Golapganj,Golapganj,,
Sylhet,Golapganj,Budhbaribazar,,
Sylhet,Golapganj,Sharifganj,,
Sylhet,Golapganj,West Amura,,
Sylhet,Gowainghat,Fothepur,,
Sylhet,Gowainghat,Daubari,,
Sylhet,Jaintiapur,Charikatha,,
Sylhet,Jaintiapur,Darbast,,
Sylhet,Jaintiapur,Chiknagul,,
Sylhet,Kanaighat,Rajagonj,,
Sylhet,Kanaighat,Lakshiprashad Purbo,,
Sylhet,Kanaighat,Lakshiprashad Pashim,,
Sylhet,Kanaighat,Digirpar Purbo,,
Sylhet,Kanaighat,Satbakh,,
Sylhet,Kanaighat,Barachotul,,
Sylhet,Kanaighat,Dakhin Banigram,,
Sylhet,Kanaighat,Jinghabari,,
Sylhet,Sylhet Sadar,Hatkhula,,
Sylhet,Sylhet Sadar,Tultikor,,
Sylhet,Sylhet Sadar,Mugolgaon,,
Sylhet,Zakiganj,Barohal,,
Sylhet,Zakiganj,Birorsri,,
Sylhet,Zakiganj,Kajalshah,,
Sylhet,Zakiganj,Kolachora,,
Sylhet,Zakiganj,Barothakuri,,
Sylhet,Zakiganj,Kaskanakpur,,
Sylhet,Dakshinsurma,Boroikandi,,
Sylhet,Dakshinsurma,Kuchai,,
Sylhet,Osmaninagar,Tazpur,,
Sylhet,Osmaninagar,Umorpur,,
Sylhet,Osmaninagar,West Poilanpur,,
Sylhet,Osmaninagar,Burungabazar,,
Sylhet,Osmaninagar,Goalabazar,,
Sylhet,Osmaninagar,Doyamir,,
Sylhet,Osmaninagar,Usmanpur,,
Moulvibazar,Barlekha,Talimpur,,
Moulvibazar,Barlekha,Borni,,
Moulvibazar,Barlekha,Nizbahadurpur,,
Moulvibazar,Barlekha,Uttar Shahbajpur,,
Moulvibazar,Barlekha,Dakkhin Shahbajpur,,
Moulvibazar,Barlekha,Talimpur,,
Moulvibazar,Barlekha,Baralekha,,
Moulvibazar,Barlekha,Dakshinbhag Uttar,,
Moulvibazar,Barlekha,Dakshinbhag Dakkhin,,
Moulvibazar,Kamolganj,Kamalgonj,,
Moulvibazar,Kulaura,Bhukshimail,,
Moulvibazar,Kulaura,Brammanbazar,,
Moulvibazar,Kulaura,Kadipur,,
Moulvibazar,Kulaura,Rauthgaon,,
Moulvibazar,Kulaura,Prithimpassa,,
Moulvibazar,Kulaura,Kormodha,,
Moulvibazar,Kulaura,Hazipur,,
Moulvibazar,Moulvibazar Sadar,Monumukh,,
Moulvibazar,Moulvibazar Sadar,Apar Kagabala,,
Moulvibazar,Moulvibazar Sadar,Chadnighat,,
Moulvibazar,Moulvibazar Sadar,Konokpur,,
Moulvibazar,Rajnagar,Fotepur,,
Moulvibazar,Rajnagar,Uttorbhag,,
Moulvibazar,Rajnagar,Munsibazar,,
Moulvibazar,Rajnagar,Munsurnagar,,
Moulvibazar,Sreemangal,Satgaon,,
Moulvibazar,Juri,Jafornagar,,
Moulvibazar,Juri,West Juri,,
Moulvibazar,Juri,Gualbari,,
Moulvibazar,Juri,Sagornal,,
Moulvibazar,Juri,Fultola,,
Moulvibazar,Juri,Eastjuri,,
Habiganj,Nabiganj,Barabhakoir Paschim,,
Habiganj,Nabiganj,Barabhakoir Purba,,
Habiganj,Nabiganj,Inatganj,,
Habiganj,Nabiganj,Digholbak,,
Habiganj,Nabiganj,Aushkandi,,
Habiganj,Nabiganj,Kargoan,,
Habiganj,Nabiganj,Nabiganj Sadar,,
Habiganj,Nabiganj,Debparra,,
Habiganj,Nabiganj,Kaliarbhanga,,
Habiganj,Nabiganj,Paniumda,,
Habiganj,Bahubal,Satkapon,,
Habiganj,Bahubal,Bahubal Sadar,,
Habiganj,Ajmiriganj,Kakailsao,,
Habiganj,Ajmiriganj,Ajmiriganj Sadar,,
Habiganj,Ajmiriganj,Badolpur,,
Habiganj,Ajmiriganj,Jolsuka,,
Habiganj,Baniachong,Baniachong North East,,
Habiganj,Baniachong,Baniachong North West,,
Habiganj,Baniachong,Baniachong South East,,
Habiganj,Baniachong,Baniachong South West,,
Habiganj,Baniachong,Pukra,,
Habiganj,Lakhai,Bamoi,,
Habiganj,Chunarughat,Ahammadabad,,
Habiganj,Chunarughat,Deorgach,,
Habiganj,Chunarughat,Shankhala,,
Habiganj,Habiganj Sadar,Lukra,,
Habiganj,Habiganj Sadar,Teghoria,,
Habiganj,Habiganj Sadar,Rajiura,,
Habiganj,Habiganj Sadar,Nurpur,,
Habiganj,Habiganj Sadar,Shayestaganj,,
Habiganj,Habiganj Sadar,Nijampur,,
Habiganj,Habiganj Sadar,Laskerpur,,
Habiganj,Madhabpur,Choumohani,,
Habiganj,Madhabpur,Adaoir,,
Habiganj,Madhabpur,Noapara,,
Habiganj,Madhabpur,Bagashura,,
Sunamganj,Sunamganj Sadar,Aptabnagar,,
Sunamganj,Sunamganj Sadar,Mollapara,,
Sunamganj,Sunamganj Sadar,Laxmansree,,
Sunamganj,Sunamganj Sadar,Kathair,,
Sunamganj,Sunamganj Sadar,Surma,,
Sunamganj,Sunamganj Sadar,Mohonpur,,
Sunamganj,South Sunamganj,Shimulbak,,
Sunamganj,South Sunamganj,Paschim Pagla,,
Sunamganj,South Sunamganj,Joykalash,,
Sunamganj,South Sunamganj,Purba Pagla,,
Sunamganj,South Sunamganj,Patharia,,
Sunamganj,South Sunamganj,Purba Birgaon,,
Sunamganj,South Sunamganj,Dargapasha,,
Sunamganj,South Sunamganj,Paschim Birgaon,,
Sunamganj,Bishwambarpur,Solukabad,,
Sunamganj,Bishwambarpur,Dhanpur,,
Sunamganj,Bishwambarpur,Badaghat South,,
Sunamganj,Bishwambarpur,Fatepur,,
Sunamganj,Chhatak,Chhatak Sadar,,
Sunamganj,Chhatak,Gobindganj-Syedergaon,,
Sunamganj,Chhatak,Chhaila Afjalabad,,
Sunamganj,Chhatak,Khurma North,,
Sunamganj,Chhatak,Khurma South,,
Sunamganj,Chhatak,Chormohalla,,
Sunamganj,Chhatak,Jauwabazar,,
Sunamganj,Chhatak,Dolarbazar,,
Sunamganj,Jagannathpur,Kolkolia,,
Sunamganj,Jagannathpur,Patli,,
Sunamganj,Jagannathpur,Chilaura Holdipur,,
Sunamganj,Jagannathpur,Syedpur Shaharpara,,
Sunamganj,Dowarabazar,Norsingpur,,
Sunamganj,Dowarabazar,Pandargaon,,
Sunamganj,Dowarabazar,Dohalia,,
Sunamganj,Dowarabazar,Laxmipur,,
Sunamganj,Tahirpur,Sreepur North,,
Sunamganj,Tahirpur,Sreepur South,,
Sunamganj,Tahirpur,Bordal South,,
Sunamganj,Tahirpur,Bordal North,,
Sunamganj,Tahirpur,Tahirpur Sadar,,
Sunamganj,Dharmapasha,Bongshikunda North,,
Sunamganj,Dharmapasha,Bongshikunda South,,
Sunamganj,Dharmapasha,Chamordani,,
Sunamganj,Dharmapasha,Selbarash,,
Sunamganj,Dharmapasha,Dharmapasha Sadar,,
Sunamganj,Dharmapasha,Joyasree,,
Sunamganj,Dharmapasha,Sukhair Rajapur North,,
Sunamganj,Dharmapasha,Sukhair Rajapur South,,
Sunamganj,Jamalganj,Bhimkhali,,
Sunamganj,Jamalganj,Fenerbak,,
Sunamganj,Jamalganj,Jamalganj Sadar,,
Sunamganj,Shalla,Shalla Sadar,,
Sunamganj,Derai,Jagddol,,
Narsingdi,Belabo,Binnabayd,,
Narsingdi,Belabo,Charuzilab,,
Narsingdi,Belabo,Naraynpur,,
Narsingdi,Belabo,Diara,,
Narsingdi,Monohardi,Dawlatpur,,
Narsingdi,Monohardi,Krisnopur,,
Narsingdi,Monohardi,Labutala,,
Narsingdi,Narsingdi Sadar,Khathalia,,
Narsingdi,Narsingdi Sadar,Nuralapur,,
Narsingdi,Raipura,Chanpur,,
Narsingdi,Shibpur,Joshar,,
Narsingdi,Shibpur,Baghabo,,
Gazipur,Kaliganj,Jamalpurnew,,
Gazipur,Kaliakair,Dhaliora,,
Gazipur,Kaliakair,Srifaltali,,
Gazipur,Kapasia,Targoan,,
Gazipur,Kapasia,Tokh,,
Gazipur,Kapasia,Sinhasree,,
Gazipur,Kapasia,Sonmania,,
Gazipur,Gazipur Sadar,Baria,,
Gazipur,Gazipur Sadar,Basan,,
Gazipur,Gazipur Sadar,Gachha,,
Gazipur,Gazipur Sadar,Kashimpur,,
Gazipur,Gazipur Sadar,Kayaltia,,
Gazipur,Gazipur Sadar,Konabari,,
Gazipur,Gazipur Sadar,Mirzapur,,
Gazipur,Gazipur Sadar,Pubail,,
Shariatpur,Shariatpur Sadar,Binodpur,,
Shariatpur,Shariatpur Sadar,Domshar,,
Shariatpur,Shariatpur Sadar,Rudrakar,,
Shariatpur,Shariatpur Sadar,Chitolia,,
Shariatpur,Shariatpur Sadar,Mahmudpur,,
Shariatpur,Shariatpur Sadar,Chikondi,,
Shariatpur,Shariatpur Sadar,Chandrapur,,
Shariatpur,Shariatpur Sadar,Shulpara,,
Shariatpur,Naria,Garishar,,
Shariatpur,Naria,Nowpara,,
Shariatpur,Naria,Moktererchar,,
Shariatpur,Naria,Vojeshwar,,
Shariatpur,Naria,Fategongpur,,
Shariatpur,Naria,Bijari,,
Shariatpur,Naria,Vumkhara,,
Shariatpur,Naria,Nashason,,
Shariatpur,Zajira,Zajira Sadar,,
Shariatpur,Zajira,Barokandi,,
Shariatpur,Zajira,Kundarchar,,
Shariatpur,Zajira,Purba Nawdoba,,
Shariatpur,Zajira,Nawdoba,,
Shariatpur,Zajira,Shenerchar,,
Shariatpur,Zajira,Bknagar,,
Shariatpur,Zajira,Barogopalpur,,
Shariatpur,Zajira,Jaynagor,,
Shariatpur,Gosairhat,Alaolpur,,
Shariatpur,Gosairhat,Goshairhat,,
Shariatpur,Gosairhat,Edilpur,,
Shariatpur,Gosairhat,Samontasar,,
Shariatpur,Gosairhat,Kuchipatti,,
Shariatpur,Bhedarganj,Ramvadrapur,,
Shariatpur,Bhedarganj,Saygaon,,
Shariatpur,Bhedarganj,D.M Khali,,
Shariatpur,Bhedarganj,North Tarabunia,,
Shariatpur,Bhedarganj,Charvaga,,
Shariatpur,Bhedarganj,Arsinagar,,
Shariatpur,Bhedarganj,South Tarabunia,,
Shariatpur,Bhedarganj,Charsensas,,
Shariatpur,Damudya,Shidulkura,,
Shariatpur,Damudya,Kaneshar,,
Shariatpur,Damudya,Dankati,,
Narayanganj,Araihazar,Brahammandi,,
Narayanganj,Araihazar,Fatepur,,
Narayanganj,Araihazar,Highjadi,,
Narayanganj,Araihazar,Uchitpura,,
Narayanganj,Araihazar,Kagkanda,,
Narayanganj,Bandar,Modonpur,,
Narayanganj,Bandar,Kolagathia,,
Narayanganj,Narayanganj Sadar,Baktaboli,,
Narayanganj,Narayanganj Sadar,Enayetnagor,,
Narayanganj,Rupganj,Bhulta,,
Narayanganj,Rupganj,Bholobo,,
Narayanganj,Sonargaon,Pirojpur,,
Narayanganj,Sonargaon,Mograpara,,
Narayanganj,Sonargaon,Sonmandi,,
Narayanganj,Sonargaon,Kanchpur,,
Tangail,Basail,Kauljani,,
Tangail,Bhuapur,Gabshara,,
Tangail,Bhuapur,Gobindashi,,
Tangail,Bhuapur,Aloa,,
Tangail,Delduar,Deuli,,
Tangail,Delduar,Patharail,,
Tangail,Ghatail,Lokerpara,,
Tangail,Ghatail,Dighalkandia,,
Tangail,Ghatail,Sandhanpur,,
Tangail,Ghatail,Dhalapara,,
Tangail,Gopalpur,Hadera,,
Tangail,Gopalpur,Nagdashimla,,
Tangail,Gopalpur,Alamnagor,,
Tangail,Gopalpur,Hemnagor,,
Tangail,Madhupur,Aushnara,,
Tangail,Madhupur,Aronkhola,,
Tangail,Madhupur,Sholakuri,,
Tangail,Madhupur,Mirjabari,,
Tangail,Mirzapur,Mahera,,
Tangail,Mirzapur,Fatepur,,
Tangail,Mirzapur,Warshi,,
Tangail,Mirzapur,Bhatram,,
Tangail,Mirzapur,Bastail,,
Tangail,Mirzapur,Baora,,
Tangail,Mirzapur,Latifpur,,
Tangail,Nagarpur,Sahabathpur,,
Tangail,Nagarpur,Goyhata,,
Tangail,Nagarpur,Solimabad,,
Tangail,Nagarpur,Nagorpur,,
Tangail,Nagarpur,Mamudnagor,,
Tangail,Nagarpur,Mokna,,
Tangail,Nagarpur,Bekrah Atgram,,
Tangail,Nagarpur,Dhuburia,,
Tangail,Nagarpur,Doptior,,
Tangail,Sakhipur,Gajaria,,
Tangail,Sakhipur,Jaduppur,,
Tangail,Sakhipur,Kalmegha,,
Tangail,Sakhipur,Baharatoil,,
Tangail,Tangail Sadar,Mogra,,
Tangail,Tangail Sadar,Dyenna,,
Tangail,Kalihati,Birbashinda,,
Tangail,Kalihati,Shahadebpur,,
Tangail,Kalihati,Kokdahara,,
Tangail,Kalihati,Paikora,,
Tangail,Kalihati,Dashokia,,
Tangail,Kalihati,Parkhi,,
Tangail,Dhanbari,Mushuddi,,
Tangail,Dhanbari,Bolibodrow,,
Tangail,Dhanbari,Jadunathpur,,
Kishoreganj,Itna,Chawganga,,
Kishoreganj,Itna,Joysiddi,,
Kishoreganj,Itna,Alonjori,,
Kishoreganj,Itna,Boribari,,
Kishoreganj,Itna,Dhonpur,,
Kishoreganj,Itna,Raytoti,,
Kishoreganj,Katiadi,Acmita,,
Kishoreganj,Katiadi,Mosua,,
Kishoreganj,Katiadi,Lohajuree,,
Kishoreganj,Bhairab,Sadekpur,,
Kishoreganj,Bhairab,Gajaria,,
Kishoreganj,Bhairab,Kalika Prashad,,
Kishoreganj,Tarail,Taljanga,,
Kishoreganj,Tarail,Dhola,,
Kishoreganj,Pakundia,Shukhia,,
Kishoreganj,Pakundia,Patuavabga,,
Kishoreganj,Pakundia,Burudia,,
Kishoreganj,Kishoreganj Sadar,Maizkhapan,,
Kishoreganj,Kishoreganj Sadar,Mohinanda,,
Kishoreganj,Kishoreganj Sadar,Joshodal,,
Kishoreganj,Kishoreganj Sadar,Bowlai,,
Kishoreganj,Kishoreganj Sadar,Chowddoshata,,
Kishoreganj,Kishoreganj Sadar,Karshakarial,,
Kishoreganj,Kishoreganj Sadar,Danapatuli,,
Kishoreganj,Karimgonj,Kiraton,,
Kishoreganj,Karimgonj,Barogharia,,
Kishoreganj,Karimgonj,Gunodhar,,
Kishoreganj,Karimgonj,Zafrabad,,
Kishoreganj,Bajitpur,Hilochia,,
Kishoreganj,Bajitpur,Maijchar9,,
Kishoreganj,Bajitpur,Homypur,,
Kishoreganj,Bajitpur,Boliardi,,
Kishoreganj,Austagram,Dewghar,,
Kishoreganj,Austagram,Kastul,,
Kishoreganj,Austagram,Austagram Sadar,,
Kishoreganj,Austagram,Khyerpur-Abdullahpur,,
Kishoreganj,Mithamoin,Gopdighi,,
Kishoreganj,Mithamoin,Mithamoin,,
Kishoreganj,Mithamoin,Keoarjore,,
Kishoreganj,Mithamoin,Katkhal,,
Kishoreganj,Nikli,Guroi,,
Kishoreganj,Nikli,Nikli Sadar,,
Kishoreganj,Nikli,Karpasa,,
Manikganj,Harirampur,Blara,,
Manikganj,Harirampur,Baira,,
Manikganj,Harirampur,Lacharagonj,,
Manikganj,Harirampur,Sutalorie,,
Manikganj,Harirampur,Dhulsura,,
Manikganj,Saturia,Baried,,
Manikganj,Saturia,Dighulia,,
Manikganj,Saturia,Baliyati,,
Manikganj,Saturia,Dargram,,
Manikganj,Saturia,Hargaj,,
Manikganj,Manikganj Sadar,Jagir,,
Manikganj,Manikganj Sadar,Putile,,
Manikganj,Manikganj Sadar,Vararia,,
Manikganj,Manikganj Sadar,Nbogram,,
Manikganj,Gior,Shingzuri,,
Manikganj,Gior,Baliyakhora,,
Manikganj,Gior,Gior,,
Manikganj,Gior,Bartia,,
Manikganj,Gior,Baniazuri,,
Manikganj,Gior,Nalee,,
Manikganj,Shibaloy,Utholi,,
Manikganj,Shibaloy,Shibaloy,,
Manikganj,Shibaloy,Ulayel,,
Manikganj,Shibaloy,Aruoa,,
Manikganj,Doulatpur,Charkataree,,
Manikganj,Doulatpur,Zionpur,,
Manikganj,Doulatpur,Khalshi,,
Manikganj,Doulatpur,Klia,,
Manikganj,Doulatpur,Dhamswar,,
Manikganj,Singiar,Buyra,,
Manikganj,Singiar,Talebpur,,
Manikganj,Singiar,Singiar,,
Manikganj,Singiar,Zamsha,,
Manikganj,Singiar,Shayesta,,
Manikganj,Singiar,Joymonto,,
Dhaka,Savar,Birulia,,
Dhaka,Savar,Dhamsona,,
Dhaka,Savar,Vakurta,,
Dhaka,Savar,Bongaon,,
Dhaka,Dhamrai,Vararia,,
Dhaka,Keraniganj,Zinzira,,
Dhaka,Keraniganj,Suvadda,,
Dhaka,Keraniganj,Taghoria,,
Dhaka,Dohar,Kusumhathi,,
Dhaka,Dohar,Raipara,,
Dhaka,Dohar,Bilaspur,,
Munshiganj,Munshiganj Sadar,Panchashar,,
Munshiganj,Munshiganj Sadar,Mohakali,,
Munshiganj,Munshiganj Sadar,Mollakandi,,
Munshiganj,Munshiganj Sadar,Shiloy,,
Munshiganj,Sreenagar,Hashara,,
Munshiganj,Sreenagar,Shologhor,,
Munshiganj,Sreenagar,Shamshiddi,,
Munshiganj,Sreenagar,Vaggakol,,
Munshiganj,Sreenagar,Bagra,,
Munshiganj,Sreenagar,Tantor,,
Munshiganj,Sirajdikhan,Chitracoat,,
Munshiganj,Sirajdikhan,Sekhornagar,,
Munshiganj,Sirajdikhan,Keyain,,
Munshiganj,Sirajdikhan,Baluchar,,
Munshiganj,Sirajdikhan,Ichhapura,,
Munshiganj,Sirajdikhan,Bairagadi,,
Munshiganj,Sirajdikhan,Madhypara,,
Munshiganj,Sirajdikhan,Joyinshar,,
Munshiganj,Louhajanj,Baultoli,,
Munshiganj,Gajaria,Gajaria,,
Munshiganj,Gajaria,Baushia,,
Munshiganj,Gajaria,Vaberchar,,
Munshiganj,Gajaria,Tengarchar,,
Munshiganj,Gajaria,Hosendee,,
Munshiganj,Gajaria,Guagachia,,
Munshiganj,Tongibari,Abdullapur,,
Munshiganj,Tongibari,Sonarong Tongibari,,
Munshiganj,Tongibari,Arial Baligaon,,
Munshiganj,Tongibari,Kathadia Shimolia,,
Munshiganj,Tongibari,Joslong,,
Munshiganj,Tongibari,Dighirpar,,
Rajbari,Rajbari Sadar,Mijanpur,,
Rajbari,Rajbari Sadar,Borat,,
Rajbari,Rajbari Sadar,Chandoni,,
Rajbari,Rajbari Sadar,Khangonj,,
Rajbari,Rajbari Sadar,Dadshee,,
Rajbari,Goalanda,Doulatdia,,
Rajbari,Goalanda,Debugram,,
Rajbari,Goalanda,Uzancar,,
Rajbari,Goalanda,Chotovakla,,
Rajbari,Pangsa,Habashpur,,
Rajbari,Pangsa,Mourat,,
Rajbari,Baliakandi,Janjal,,
Rajbari,Kalukhali,Kalukhali,,
Rajbari,Kalukhali,Ratandia,,
Rajbari,Kalukhali,Boalia,,
Rajbari,Kalukhali,Shawrail,,
Madaripur,Madaripur Sadar,Peyarpur,,
Madaripur,Madaripur Sadar,Kandua,,
Madaripur,Madaripur Sadar,Mastofapur,,
Madaripur,Madaripur Sadar,Jhaoudi,,
Madaripur,Shibchar,Ditiyakhando,,
Madaripur,Shibchar,Nilokhe,,
Madaripur,Shibchar,Charjanazat,,
Madaripur,Shibchar,Madbarerchar,,
Madaripur,Shibchar,Panchar,,
Madaripur,Shibchar,Sannasirchar,,
Madaripur,Shibchar,Kathalbari,,
Madaripur,Shibchar,Vhandarikandi,,
Madaripur,Shibchar,Bahertala South,,
Madaripur,Shibchar,Baheratala North,,
Madaripur,Shibchar,Baskandi,,
Madaripur,Shibchar,Vhadrasion,,
Madaripur,Shibchar,Shiruail,,
Madaripur,Shibchar,Dattapara,,
Madaripur,Kalkini,Basgari,,
Madaripur,Kalkini,Chardoulatkhan,,
Madaripur,Kalkini,Dashar,,
Madaripur,Kalkini,Enayetnagor,,
Madaripur,Kalkini,Koyaria,,
Madaripur,Kalkini,Laxmipur,,
Madaripur,Kalkini,Nabogram,,
Madaripur,Kalkini,Ramjanpur,,
Madaripur,Kalkini,Shahebrampur,,
Madaripur,Kalkini,Shikarmongol,,
Madaripur,Rajoir,Haridasdi-Mahendrodi,,
Madaripur,Rajoir,Khaliya,,
Madaripur,Rajoir,Ishibpur,,
Madaripur,Rajoir,Badarpasa,,
Madaripur,Rajoir,Hosenpur,,
Gopalganj,Gopalganj Sadar,Shuktail,,
Gopalganj,Gopalganj Sadar,Urfi,,
Gopalganj,Gopalganj Sadar,Lotifpur,,
Gopalganj,Gopalganj Sadar,Horidaspur,,
Gopalganj,Gopalganj Sadar,Roghunathpur,,
Gopalganj,Gopalganj Sadar,Borashi,,
Gopalganj,Gopalganj Sadar,Boultali,,
Gopalganj,Kashiani,Orakandia,,
Gopalganj,Tungipara,Borni,,
Gopalganj,Tungipara,Dumaria,,
Gopalganj,Kotalipara,Kolabari,,
Gopalganj,Kotalipara,Amtoli,,
Gopalganj,Kotalipara,Ghaghor,,
Gopalganj,Kotalipara,Hiron,,
Gopalganj,Muksudpur,Nanikhir,,
Gopalganj,Muksudpur,Poshargati,,
Gopalganj,Muksudpur,Gobindopur,,
Gopalganj,Muksudpur,Khandarpara,,
Gopalganj,Muksudpur,Bohugram,,
Gopalganj,Muksudpur,Vabrashur,,
Gopalganj,Muksudpur,Moharajpur,,
Gopalganj,Muksudpur,Kashalia,,
Faridpur,Faridpur Sadar,Charmadbdia,,
Faridpur,Boalmari,Chandpur,,
Faridpur,Sadarpur,Char Bisnopur,,
Faridpur,Sadarpur,Narikel Bariya,,
Faridpur,Sadarpur,Dhaukhali,,
Faridpur,Nagarkanda,Charjashordi,,
Faridpur,Nagarkanda,Fulsuti,,
Faridpur,Bhanga,Nurullagonj,,
Faridpur,Bhanga,Manikdha,,
Faridpur,Bhanga,Kawlibera,,
Faridpur,Bhanga,Tujerpur,,
Faridpur,Bhanga,Chumurdi,,
Faridpur,Bhanga,Azimnagor,,
Faridpur,Charbhadrasan,Char Jahukanda,,
Faridpur,Madhukhali,Gazna,,
Faridpur,Madhukhali,Nowpara,,
Faridpur,Saltha,Atghar,,
Faridpur,Saltha,Mazadia,,
Panchagarh,Panchagarh Sadar,Panchagarh Sadar,,
Panchagarh,Panchagarh Sadar,Chaklahat,,
Panchagarh,Panchagarh Sadar,Kamat Kajol Dighi,,
Panchagarh,Debiganj,Shaldanga,,
Panchagarh,Debiganj,Debiganj Sadar,,
Panchagarh,Debiganj,Sonahar Mollikadaha,,
Panchagarh,Debiganj,Dandopal,,
Panchagarh,Debiganj,Debiduba,,
Panchagarh,Debiganj,Chengthi Hazra Danga,,
Panchagarh,Boda,Jholaishal Shiri,,
Panchagarh,Boda,Moidandighi,,
Panchagarh,Boda,Banghari,,
Panchagarh,Boda,Kajoldighi Kaligonj,,
Panchagarh,Boda,Boroshoshi,,
Panchagarh,Boda,Marea Bamonhat,,
Panchagarh,Boda,Pachpir,,
Panchagarh,Atwari,Mirgapur,,
Panchagarh,Atwari,Toria,,
Panchagarh,Tetulia,Bhojoanpur,,
Panchagarh,Tetulia,Bhojoanpur,,
Panchagarh,Tetulia,Timaihat,,
Dinajpur,Nawabganj,Golapgonj,,
Dinajpur,Birganj,Polashbari,,
Dinajpur,Birganj,Sator,,
Dinajpur,Birganj,Mohonpur,,
Dinajpur,Birganj,Moricha,,
Dinajpur,Ghoraghat,Palsha,,
Dinajpur,Birampur,Mukundopur,,
Dinajpur,Birampur,Dior,,
Dinajpur,Birampur,Binail,,
Dinajpur,Birampur,Jatbani,,
Dinajpur,Birampur,Poliproyagpur,,
Dinajpur,Parbatipur,Monmothopur,,
Dinajpur,Parbatipur,Polashbari,,
Dinajpur,Parbatipur,Mostofapur,,
Dinajpur,Bochaganj,Eshania,,
Dinajpur,Bochaganj,Shatail,,
Dinajpur,Bochaganj,Rongaon,,
Dinajpur,Kaharol,Dabor,,
Dinajpur,Kaharol,Targao,,
Dinajpur,Fulbari,Aloary,,
Dinajpur,Fulbari,Kagihal,,
Dinajpur,Fulbari,Bethdighi,,
Dinajpur,Fulbari,Khairbari,,
Dinajpur,Fulbari,Shibnagor,,
Dinajpur,Dinajpur Sadar,Chealgazi,,
Dinajpur,Dinajpur Sadar,Sundorbon,,
Dinajpur,Dinajpur Sadar,Shekpura,,
Dinajpur,Dinajpur Sadar,Shashora,,
Dinajpur,Dinajpur Sadar,Sankarpur,,
Dinajpur,Dinajpur Sadar,Askorpur,,
Dinajpur,Hakimpur,Khattamadobpara,,
Dinajpur,Hakimpur,Boalder,,
Dinajpur,Birol,Dhamoir,,
Dinajpur,Birol,Shohorgram,,
Dinajpur,Birol,Birol,,
Dinajpur,Birol,Bhandra,,
Dinajpur,Birol,Mongalpur,,
Dinajpur,Birol,Rajarampur,,
Dinajpur,Chirirbandar,Nashratpur,,
Dinajpur,Chirirbandar,Fatejangpur,,
Dinajpur,Chirirbandar,Isobpur,,
Dinajpur,Chirirbandar,Saitara,,
Dinajpur,Chirirbandar,Viail,,
Dinajpur,Chirirbandar,Punotti,,
Dinajpur,Chirirbandar,Tetulia,,
Lalmonirhat,Lalmonirhat Sadar,Mogolhat,,
Lalmonirhat,Lalmonirhat Sadar,Barobari,,
Lalmonirhat,Lalmonirhat Sadar,Mohendranagar,,
Lalmonirhat,Kaliganj,Modati,,
Lalmonirhat,Kaliganj,Dologram,,
Lalmonirhat,Kaliganj,Chondropur,,
Lalmonirhat,Kaliganj,Cholbola,,
Lalmonirhat,Hatibandha,Barokhata,,
Lalmonirhat,Hatibandha,Singimari,,
Lalmonirhat,Hatibandha,Tongvhanga,,
Lalmonirhat,Hatibandha,Paticapara,,
Lalmonirhat,Hatibandha,Nowdabas,,
Lalmonirhat,Hatibandha,Vhelaguri,,
Lalmonirhat,Hatibandha,Dawabari,,
Lalmonirhat,Aditmari,Kamlabari,,
Lalmonirhat,Aditmari,Mohishkhocha,,
Nilphamari,Syedpur,Kasiram Belpukur,,
Nilphamari,Syedpur,Botlagari,,
Nilphamari,Domar,Bhogdaburi,,
Nilphamari,Domar,Panga Motukpur,,
Nilphamari,Domar,Sonaray,,
Nilphamari,Dimla,Paschim Chhatnay,,
Nilphamari,Dimla,Dimla Sadar,,
Nilphamari,Dimla,Noutara,,
Nilphamari,Dimla,Khalisha Chapani,,
Nilphamari,Dimla,Jhunagach Chapani,,
Nilphamari,Dimla,Tepa Khribari,,
Nilphamari,Dimla,Purba Chhatnay,,
Nilphamari,Jaldhaka,Douabari,,
Nilphamari,Jaldhaka,Simulbari,,
Nilphamari,Jaldhaka,Kathali,,
Nilphamari,Jaldhaka,Shaulmari,,
Nilphamari,Nilphamari Sadar,Chaora Bargacha,,
Nilphamari,Nilphamari Sadar,Khoksabari,,
Nilphamari,Nilphamari Sadar,Palasbari,,
Nilphamari,Nilphamari Sadar,Panchapukur,,
Nilphamari,Nilphamari Sadar,Sonaray,,
Nilphamari,Nilphamari Sadar,Songalsi,,
Nilphamari,Nilphamari Sadar,Chapra Sarnjami,,
Nilphamari,Nilphamari Sadar,Lakshmicha,,
Gaibandha,Sadullapur,Noldanga,,
Gaibandha,Sadullapur,Damodorpur,,
Gaibandha,Sadullapur,Vatgram,,
Gaibandha,Sadullapur,Bongram,,
Gaibandha,Sadullapur,Khodkomor,,
Gaibandha,Gaibandha Sadar,Laxmipur,,
Gaibandha,Gaibandha Sadar,Kuptola,,
Gaibandha,Gaibandha Sadar,Shahapara,,
Gaibandha,Palashbari,Hosenpur,,
Gaibandha,Palashbari,Mohdipur,,
Gaibandha,Palashbari,Pobnapur,,
Gaibandha,Palashbari,Monohorpur,,
Gaibandha,Saghata,Varotkhali,,
Gaibandha,Saghata,Saghata,,
Gaibandha,Saghata,Muktinagar,,
Gaibandha,Saghata,Ghuridah,,
Gaibandha,Saghata,Holdia,,
Gaibandha,Saghata,Jumarbari,,
Gaibandha,Gobindaganj,Dorbosto,,
Gaibandha,Gobindaganj,Rakhalburuj,,
Gaibandha,Gobindaganj,Phulbari,,
Gaibandha,Gobindaganj,Kamardoho,,
Gaibandha,Sundarganj,Bamondanga,,
Gaibandha,Sundarganj,Dohbond,,
Gaibandha,Sundarganj,Sorbanondo,,
Gaibandha,Sundarganj,Ramjibon,,
Gaibandha,Sundarganj,Chaporhati,,
Gaibandha,Sundarganj,Konchibari,,
Gaibandha,Phulchari,Phulchari,,
Thakurgaon,Thakurgaon Sadar,Ahcha,,
Thakurgaon,Thakurgaon Sadar,Ruhia Pashchim,,
Thakurgaon,Pirganj,Kosharaniganj,,
Thakurgaon,Ranisankail,Dhormogarh,,
Thakurgaon,Ranisankail,Nekmorod,,
Thakurgaon,Ranisankail,Hosengaon,,
Thakurgaon,Ranisankail,Ratore,,
Thakurgaon,Baliadangi,Dhontola,,
Thakurgaon,Baliadangi,Boropalashbari,,
Thakurgaon,Baliadangi,Vanor,,
Thakurgaon,Baliadangi,Borobari,,
Rangpur,Rangpur Sadar,Horidebpur,,
Rangpur,Rangpur Sadar,Uttam,,
Rangpur,Rangpur Sadar,Porshuram,,
Rangpur,Rangpur Sadar,Topodhan,,
Rangpur,Rangpur Sadar,Satgara,,
Rangpur,Rangpur Sadar,Rajendrapur,,
Rangpur,Rangpur Sadar,Sadwapuskoroni,,
Rangpur,Rangpur Sadar,Dorshona,,
Rangpur,Rangpur Sadar,Tampat,,
Rangpur,Gangachara,Kholeya,,
Rangpur,Gangachara,Borobil,,
Rangpur,Gangachara,Kolcondo,,
Rangpur,Gangachara,Gongachora,,
Rangpur,Gangachara,Gojoghonta,,
Rangpur,Gangachara,Morneya,,
Rangpur,Gangachara,Alambiditor,,
Rangpur,Gangachara,Lakkhitari,,
Rangpur,Taragonj,Kurshatara,,
Rangpur,Taragonj,Soyar,,
Rangpur,Taragonj,Ikorchali,,
Rangpur,Taragonj,Hariarkuthi,,
Rangpur,Badargonj,Gopinathpur,,
Rangpur,Badargonj,Modhupur,,
Rangpur,Badargonj,Bishnapur,,
Rangpur,Badargonj,Damodorpur,,
Rangpur,Badargonj,Ramnathpurupb,,
Rangpur,Mithapukur,Khoragach,,
Rangpur,Mithapukur,Payrabond,,
Rangpur,Mithapukur,Vangni,,
Rangpur,Mithapukur,Latibpur,,
Rangpur,Mithapukur,Moyenpur,,
Rangpur,Mithapukur,Baluya Masimpur,,
Rangpur,Mithapukur,Borobala,,
Rangpur,Mithapukur,Imadpur,,
Rangpur,Mithapukur,Milonpur,,
Rangpur,Mithapukur,Mgopalpur,,
Rangpur,Mithapukur,Boro Hazratpur,,
Rangpur,Pirgonj,Chattracol,,
Rangpur,Pirgonj,Vendabari,,
Rangpur,Pirgonj,Borodargah,,
Rangpur,Pirgonj,Modankhali,,
Rangpur,Pirgonj,Boro Alampur,,
Rangpur,Pirgonj,Raypur,,
Rangpur,Pirgonj,Pirgonj,,
Rangpur,Pirgonj,Mithipur,,
Rangpur,Pirgonj,Chattra,,
Rangpur,Pirgonj,Pachgachi,,
Rangpur,Kaunia,Shahidbag,,
Rangpur,Kaunia,Haragach,,
Rangpur,Kaunia,Tepamodhupur,,
Rangpur,Kaunia,Kurshaupk,,
Rangpur,Pirgacha,Kollyani,,
Rangpur,Pirgacha,Saula,,
Rangpur,Pirgacha,Pirgacha,,
Rangpur,Pirgacha,Annodanagar,,
Rangpur,Pirgacha,Koikuri,,
Kurigram,Kurigram Sadar,Ghogadhoh,,
Kurigram,Kurigram Sadar,Belgacha,,
Kurigram,Kurigram Sadar,Mogolbasa,,
Kurigram,Kurigram Sadar,Panchgachi,,
Kurigram,Nageshwari,Raigonj,,
Kurigram,Nageshwari,Bamondanga,,
Kurigram,Nageshwari,Berubari,,
Kurigram,Nageshwari,Sontaspur,,
Kurigram,Nageshwari,Newyashi,,
Kurigram,Nageshwari,Bhitorbond,,
Kurigram,Nageshwari,Bollobherkhas,,
Kurigram,Bhurungamari,Pathordubi,,
Kurigram,Bhurungamari,Shilkhuri,,
Kurigram,Bhurungamari,Paikarchara,,
Kurigram,Bhurungamari,Joymonirhat,,
Kurigram,Bhurungamari,Andharirjhar,,
Kurigram,Phulbari,Nawdanga,,
Kurigram,Phulbari,Phulbari,,
Kurigram,Phulbari,Bhangamor,,
Kurigram,Rajarhat,Chinai,,
Kurigram,Rajarhat,Biddanondo,,
Kurigram,Rajarhat,Umarmajid,,
Kurigram,Ulipur,Dhamsreni,,
Kurigram,Ulipur,Gunaigas,,
Kurigram,Ulipur,Tobockpur,,
Kurigram,Ulipur,Begumgonj,,
Kurigram,Ulipur,Shahabiar Alga,,
Kurigram,Ulipur,Thetrai,,
Kurigram,Chilmari,Nayarhat,,
Kurigram,Chilmari,Austomirchar,,
Kurigram,Rowmari,Dadevanga,,
Kurigram,Rowmari,Shoulemari,,
Kurigram,Rowmari,Bondober,,
Kurigram,Charrajibpur,Rajibpur,,
Kurigram,Charrajibpur,Kodalkati,,
Kurigram,Charrajibpur,Mohongonj,,
Sherpur,Sherpur Sadar,Kamararchor,,
Sherpur,Sherpur Sadar,Chorsherpur,,
Sherpur,Sherpur Sadar,Gajir Khamar,,
Sherpur,Sherpur Sadar,Dhola,,
Sherpur,Sherpur Sadar,Pakuriya,,
Sherpur,Sherpur Sadar,Vatshala,,
Sherpur,Sherpur Sadar,Losmonpur,,
Sherpur,Sherpur Sadar,Rouha,,
Sherpur,Sherpur Sadar,Kamariya,,
Sherpur,Sherpur Sadar,Chor Mochoriya,,
Sherpur,Sherpur Sadar,Chorpokhimari,,
Sherpur,Nalitabari,Puraga,,
Sherpur,Nalitabari,Nonni,,
Sherpur,Nalitabari,Morichpuran,,
Sherpur,Nalitabari,Rajnogor,,
Sherpur,Nalitabari,Ramchondrokura,,
Sherpur,Nalitabari,Kakorkandhi,,
Sherpur,Nalitabari,Juganiya,,
Sherpur,Nalitabari,Bagber,,
Sherpur,Nalitabari,Koloshpar,,
Sherpur,Sreebordi,Tatihati,,
Sherpur,Sreebordi,Sreebordi,,
Sherpur,Sreebordi,Kurikahonia,,
Sherpur,Nokla,Gonopoddi,,
Sherpur,Nokla,Nokla,,
Sherpur,Nokla,Choraustadhar,,
Sherpur,Jhenaigati,Kansa,,
Sherpur,Jhenaigati,Dansail,,
Sherpur,Jhenaigati,Nolkura,,
Sherpur,Jhenaigati,Gouripur,,
Sherpur,Jhenaigati,Hatibandha,,
Mymensingh,Fulbaria,Deukhola,,
Mymensingh,Fulbaria,Asimpatuli,,
Mymensingh,Fulbaria,Vobanipur,,
Mymensingh,Trishal,Bailor,,
Mymensingh,Bhaluka,Meduari,,
Mymensingh,Bhaluka,Varadoba,,
Mymensingh,Bhaluka,Rajoi,,
Mymensingh,Muktagacha,Borogram,,
Mymensingh,Muktagacha,Kumargata,,
Mymensingh,Mymensingh Sadar,Austadhar,,
Mymensingh,Mymensingh Sadar,Bororchar,,
Mymensingh,Mymensingh Sadar,Aqua,,
Mymensingh,Mymensingh Sadar,Khagdohor,,
Mymensingh,Mymensingh Sadar,Charnilaxmia,,
Mymensingh,Mymensingh Sadar,Vabokhali,,
Mymensingh,Mymensingh Sadar,Boyra,,
Mymensingh,Dhobaura,Gamaritola,,
Mymensingh,Dhobaura,Dhobaura,,
Mymensingh,Dhobaura,Goatala,,
Mymensingh,Phulpur,Sondhara,,
Mymensingh,Phulpur,Vaitkandi,,
Mymensingh,Haluaghat,Amtoil,,
Mymensingh,Gouripur,Gouripur,,
Mymensingh,Gouripur,Douhakhola,,
Mymensingh,Gafargaon,Barobaria,,
Mymensingh,Gafargaon,Saltia,,
Mymensingh,Gafargaon,Longair,,
Mymensingh,Gafargaon,Paithol,,
Mymensingh,Gafargaon,Gafargaon,,
Mymensingh,Gafargaon,Josora,,
Mymensingh,Gafargaon,Moshakhali,,
Mymensingh,Gafargaon,Panchbagh,,
Mymensingh,Gafargaon,Dotterbazar,,
Mymensingh,Gafargaon,Niguari,,
Mymensingh,Gafargaon,Tangabo,,
Mymensingh,Iswarganj,Iswarganj,,
Mymensingh,Iswarganj,Magtula,,
Mymensingh,Nandail,Batagoir,,
Mymensingh,Nandail,Muajjempur,,
Mymensingh,Nandail,Singroil,,
Mymensingh,Nandail,Mushulli,,
Mymensingh,Tarakanda,Biska,,
Mymensingh,Tarakanda,Balikha,,
Jamalpur,Jamalpur Sadar,Laxirchar,,
Jamalpur,Jamalpur Sadar,Tolshirchar,,
Jamalpur,Jamalpur Sadar,Ghorada,,
Jamalpur,Jamalpur Sadar,Bashchara,,
Jamalpur,Jamalpur Sadar,Ranagacha,,
Jamalpur,Jamalpur Sadar,Sheepur,,
Jamalpur,Jamalpur Sadar,Shahbajpur,,
Jamalpur,Jamalpur Sadar,Mesta,,
Jamalpur,Jamalpur Sadar,Digpait,,
Jamalpur,Melandah,Durmot,,
Jamalpur,Melandah,Charbani Pakuria,,
Jamalpur,Melandah,Fulkucha,,
Jamalpur,Melandah,Ghuserpara,,
Jamalpur,Melandah,Shuampur,,
Jamalpur,Islampur,Belghacha,,
Jamalpur,Islampur,Chinaduli,,
Jamalpur,Islampur,Shapdari,,
Jamalpur,Islampur,Partharshi,,
Jamalpur,Islampur,Palabandha,,
Jamalpur,Islampur,Gualerchar,,
Jamalpur,Islampur,Chargualini,,
Jamalpur,Dewangonj,Dungdhara,,
Jamalpur,Dewangonj,Char Amkhawa,,
Jamalpur,Dewangonj,Hatibanga,,
Jamalpur,Dewangonj,Dewangonj,,
Jamalpur,Madarganj,Char Pakerdah,,
Jamalpur,Madarganj,Adarvita,,
Jamalpur,Bokshiganj,Danua,,
Jamalpur,Bokshiganj,Shadurpara,,
Jamalpur,Bokshiganj,Bakshigonj,,
Jamalpur,Bokshiganj,Nilakhia,,
Netrokona,Barhatta,Raypur,,
Netrokona,Durgapur,Kakoirgora,,
Netrokona,Durgapur,Gawkandia,,
Netrokona,Kendua,Goraduba,,
Netrokona,Kendua,Gonda,,
Netrokona,Kendua,Maska,,
Netrokona,Kendua,Bolaishimul,,
Netrokona,Kendua,Roailbari Amtala,,
Netrokona,Kendua,Muzafarpur,,
Netrokona,Atpara,Shormushia,,
Netrokona,Atpara,Shunoi,,
Netrokona,Atpara,Lunesshor,,
Netrokona,Atpara,Baniyajan,,
Netrokona,Atpara,Duoj,,
Netrokona,Madan,Fathepur,,
Netrokona,Madan,Teosree,,
Netrokona,Madan,Magan,,
Netrokona,Madan,Chandgaw,,
Netrokona,Madan,Kytail,,
Netrokona,Khaliajuri,Nogor,,
Netrokona,Kalmakanda,Koilati,,
Netrokona,Kalmakanda,Najirpur,,
Netrokona,Kalmakanda,Kolmakanda,,
Netrokona,Kalmakanda,Rongchati,,
Netrokona,Kalmakanda,Borokhapon,,
Netrokona,Kalmakanda,Kharnoi,,
Netrokona,Mohongonj,Borokashia Birampur,,
Netrokona,Mohongonj,Borotoli Banihari,,
Netrokona,Mohongonj,Tetulia,,
Netrokona,Mohongonj,Maghan Siadar,,
Netrokona,Mohongonj,Somaj Sohildeo,,
Netrokona,Purbadhala,Bairaty,,
Netrokona,Netrokona Sadar,Chollisha,,
Netrokona,Netrokona Sadar,Dokkhin Bishiura,,
Netrokona,Netrokona Sadar,Modonpur,,
Netrokona,Netrokona Sadar,Amtola,,
Netrokona,Netrokona Sadar,Lokkhiganj,,
Netrokona,Netrokona Sadar,Singher Bangla,,
Netrokona,Netrokona Sadar,Mougati,,
Netrokona,Netrokona Sadar,Rouha,,
Netrokona,Netrokona Sadar,Kaliara Babragati,,
