id,slug,name_en,name_bn,alternate_names,water_body_type,water_body_subtype,division,district,upazila,latitude,longitude,area_monsoon_sqkm,area_dry_sqkm,length_km_bd,length_km_total,avg_width_m,max_depth_m,mean_discharge_m3s,water_volume_est,hydrological_origin,outfall_to,basin_name,river_system,flow_regime,seasonality,transboundary_flag,transboundary_countries,divisions_traversed,districts_traversed,bwdb_gauging_stations,ramsar_site,protected_status,ecological_importance,major_species,fish_breeding_importance,flood_importance,irrigation_importance,navigation_importance,hydropower_importance,drinking_water_importance,pollution_status,major_threats,banglapedia_match_name,banglapedia_length_km,banglapedia_area_covered_old_districts,banglapedia_source,wikidata_id,wikipedia_url,osm_relation_id,primary_source,source_urls,source_count,data_confidence,last_verified_at,summary,notes
BD-WB-0001,arial-beel,Arial Beel,আড়িয়াল বিল,,Wetland,Beel,,Munshiganj / Dhaka,Sreenagar / Nawabganj,23.6333,90.2500,136.00,40.00,,,,,,Medium seasonal,,,,,,Medium seasonal,,,,,,,,,,,,,,,,,,,,,,,,,,,,,,,
BD-WB-0002,ashurar-beel,Ashurar Beel,আশুড়ার বিল,,Wetland,Beel,,Dinajpur,Nawabganj,25.4167,89.0167,3.50,1.20,,,,,,Low-medium seasonal,,,,,,Low-medium seasonal,,,,,,,,,,,,,,,,,,,,,,,,,,,,,,,
BD-WB-0003,baikka-beel,Baikka Beel,বাইক্কা বিল,,Wetland,Beel,,Moulvibazar,Sreemangal,24.3583,91.6417,1.00,0.85,,,,,,Perennial wetland sanctuary,,,,,,Perennial wetland sanctuary,,,,,,,,,,,,,,,,,,,,,,,,,,,,,,,
BD-WB-0004,beel-dakatia,Beel Dakatia,বিল ডাকাতিয়া,,Wetland,Beel,,Khulna / Satkhira,Dumuaria / Phultala,22.9000,89.4167,90.00,35.00,,,,,,Polder waterlogged basin,,,,,,Polder waterlogged basin,,,,,,,,,,,,,,,,,,,,,,,,,,,,,,,
BD-WB-0005,chalan-beel,Chalan Beel,চলন বিল,,Wetland,Beel,,Natore / Sirajganj / Pabna,Singra / Gurudaspur / Chatmohar,24.4167,89.2500,375.00,55.00,,,,,,Dynamic seasonal,,,,,,Dynamic seasonal,,,,,,,,,,,,,,,,,,,,,,,,,,,,,,,
BD-WB-0006,dekhar-haor,Dekhar Haor,ডেকহার হাওর,,Wetland,Haor,,Sunamganj,Sunamganj Sadar,25.0167,91.3667,70.00,20.00,,,,,,High seasonal storage,,,,,,High seasonal storage,,,,,,,,,,,,,,,,,,,,,,,,,,,,,,,
BD-WB-0007,dingapota-haor,Dingapota Haor,ডিঙ্গাপোতা হাওর,,Wetland,Haor,,Netrokona,Mohanganj,24.8667,90.9667,85.00,22.00,,,,,,High seasonal storage,,,,,,High seasonal storage,,,,,,,,,,,,,,,,,,,,,,,,,,,,,,,
BD-WB-0008,hail-haor,Hail Haor,হাইল হাওর,,Wetland,Haor,,Moulvibazar,Sreemangal,24.3833,91.6833,130.00,30.00,,,,,,Medium seasonal storage,,,,,,Medium seasonal storage,,,,,,,,,,,,,,,,,,,,,,,,,,,,,,,
BD-WB-0009,hakaluki-haor,Hakaluki Haor,হাকালুকি হাওর,,Wetland,Haor,,Moulvibazar / Sylhet,Kulaura / Juri / Fenchuganj,24.5833,92.0333,181.15,44.00,,,,,,High seasonal storage,,,,,,High seasonal storage,,,,,,,,,,,,,,,,,,,,,,,,,,,,,,,
BD-WB-0010,kawadighi-haor,Kawadighi Haor,কাউয়াদীঘি হাওর,,Wetland,Haor,,Moulvibazar,Rajnagar,24.5500,91.8333,40.00,10.00,,,,,,Medium seasonal storage,,,,,,Medium seasonal storage,,,,,,,,,,,,,,,,,,,,,,,,,,,,,,,
BD-WB-0011,matian-haor,Matian Haor,মাটিয়ান হাওর,,Wetland,Haor,,Sunamganj,Tahirpur,25.1333,91.1333,52.00,15.00,,,,,,High seasonal storage,,,,,,High seasonal storage,,,,,,,,,,,,,,,,,,,,,,,,,,,,,,,
BD-WB-0012,nikli-haor,Nikli Haor,নিকলী হাওর,,Wetland,Haor,,Kishoreganj,Nikli,24.3167,90.9333,45.00,12.00,,,,,,Seasonal flood storage,,,,,,Seasonal flood storage,,,,,,,,,,,,,,,,,,,,,,,,,,,,,,,
BD-WB-0013,shanir-haor,Shanir Haor,শনির হাওর,,Wetland,Haor,,Sunamganj,Tahiyapur / Jamalganj,25.1167,91.2000,60.00,18.00,,,,,,High seasonal storage,,,,,,High seasonal storage,,,,,,,,,,,,,,,,,,,,,,,,,,,,,,,
BD-WB-0014,tanguar-haor,Tanguar Haor,টাঙ্গুয়ার হাওর,,Wetland,Haor,,Sunamganj,Tahirpur / Dharmapasha,25.1500,91.0667,100.00,28.00,,,,,,High seasonal storage,,,,,,High seasonal storage,,,,,,,,,,,,,,,,,,,,,,,,,,,,,,,
BD-WB-0015,baluhar-baor,Baluhar Baor,বালুহর বাঁওড়,,Wetland,Baor / Oxbow Lake,,Jhenaidah,Kotchandpur,23.4167,89.0167,2.80,2.10,,,,,,Perennial oxbow basin,,,,,,Perennial oxbow basin,,,,,,,,,,,,,,,,,,,,,,,,,,,,,,,
BD-WB-0016,benipur-baor,Benipur Baor,বেনীপুর বাঁওড়,,Wetland,Baor / Oxbow Lake,,Chuadanga,Jibannagar,23.4500,88.8167,1.20,0.95,,,,,,Perennial oxbow basin,,,,,,Perennial oxbow basin,,,,,,,,,,,,,,,,,,,,,,,,,,,,,,,
BD-WB-0017,bukbhara-baor,Bukbhara Baor,বুকভরা বাঁওড়,,Wetland,Baor / Oxbow Lake,,Jashore,Jashore Sadar,23.1833,89.1500,1.40,1.10,,,,,,Perennial oxbow basin,,,,,,Perennial oxbow basin,,,,,,,,,,,,,,,,,,,,,,,,,,,,,,,
BD-WB-0018,jhampa-baor,Jhampa Baor,ঝাঁপা বাঁওড়,,Wetland,Baor / Oxbow Lake,,Jashore,Manirampur,23.0167,89.2333,1.60,1.30,,,,,,Perennial oxbow basin,,,,,,Perennial oxbow basin,,,,,,,,,,,,,,,,,,,,,,,,,,,,,,,
BD-WB-0019,boga-lake,Boga Lake,বগা লেক,,Lake,Natural Lake,,Bandarban,Ruma,21.9806,92.5347,0.06,0.06,,,,,,Constant deep basin,,,,,,,,,,,,,,,,,,,,,,,,,,,,,,,,,,,,,
BD-WB-0020,madhobpur-lake,Madhobpur Lake,মাধবপুর লেক,,Lake,Natural Lake,,Moulvibazar,Kamalganj,24.2333,91.8000,0.20,0.18,,,,,,Constant shallow basin,,,,,,,,,,,,,,,,,,,,,,,,,,,,,,,,,,,,,
BD-WB-0021,durgasagar,Durgasagar,দুর্গাসাগর,,Lake,Reservoir,,Barishal,Babu Ganj,22.7667,90.2833,0.18,0.18,,,,,,Static artificial reservoir,,,,,,,,,,,,,,,,,,,,,,,,,,,,,,,,,,,,,
BD-WB-0022,ramsagar,Ramsagar,রামসাগর,,Lake,Reservoir,,Dinajpur,Dinajpur Sadar,25.5539,88.6247,0.15,0.15,,,,,,Static artificial reservoir,,,,,,,,,,,,,,,,,,,,,,,,,,,,,,,,,,,,,
BD-WB-0023,kaptai-lake,Kaptai Lake,কাপ্তাই হ্রদ,,Lake,Reservoir,,Rangamati,Kaptai / Rangamati Sadar,22.5000,92.2167,736.00,650.00,,,,,,8.25 Million Acre-Feet,,,,,,,,,,,,,,,,,,,,,,,,,,,,,,,,,,,,,
BD-WB-0024,mahamaya-lake,Mahamaya Lake,মহামায়া লেক,,Lake,Reservoir,,Chattogram,Mirsharai,22.8167,91.5667,11.00,9.50,,,,,,Irrigation storage,,,,,,,,,,,,,,,,,,,,,,,,,,,,,,,,,,,,,
BD-WB-0025,hatirjheel,Hatirjheel,হাতিরঝিল,,Lake,Urban Jheel / Lake,,Dhaka,Tejgaon / Rampura,23.7583,90.4125,1.20,1.10,,,,,,Regulated urban retention,,,,,,,,,,,,,,,,,,,,,,,,,,,,,,,,,,,,,
BD-WB-0026,kasalong,Kasalong,কাছালং,,River,Hill River,,,,,,,,120,,50-150,8,160,,Lushai Hills foothills,Kaptai Lake / Karnaphuli River,,,,,false,,Chattogram,Rangamati,SW147 (Kasalong),,,,,,,,,,,,,,,,,,,,,,,,,,
BD-WB-0027,bangshi,Bangshi,বংশী,,River,Tributary,,,,,,,,238,,80-200,9,210,,Jamalpur hills,Dhaleshwari River,,,,,false,,Dhaka,Jamalpur / Tangail / Gazipur / Dhaka,SW14 (Nayarhat),,,,,,,,,,,,,Bangshi,238,Mymensingh (198) Dhaka (40),https://en.banglapedia.org/index.php/River,,,,Banglapedia,https://en.banglapedia.org/index.php/River,1,,,,
BD-WB-0028,dharla,Dharla,ধরলা,,River,Tributary,,,,,,,,75,,150-600,8,400,,Himalayan foothills (Bhutan/India),Jamuna River,,,,,true,,Rangpur,Lalmonirhat / Kurigram,SW68 (Kurigram),,,,,,,,,,,,,,,,,,,,,,,,,,
BD-WB-0029,dudhkumar,Dudhkumar,দুধকুমার,,River,Tributary,,,,,,,,50,,150-400,7,350,,Himalayan foothills (Bhutan/India),Jamuna River,,,,,true,,Rangpur,Kurigram,SW79 (Pateswari),,,,,,,,,,,,,,,,,,,,,,,,,,
BD-WB-0030,kangsha,Kangsha,কংস,,River,Tributary,,,,,,,,225,,80-200,8,340,,Garo Hills foothills,Dhanu River / Meghna network,,,,,false,,Mymensingh,Sherpur / Netrokona,SW143 (Jariajanjail),,,,,,,,,,,,,,,,,,,,,,,,,,
BD-WB-0031,sutang,Sutang,সুতাং,,River,Tributary,,,,,,,,82,,40-100,5,90,,Tripura Hills (India),Meghna River,,,,,true,,Sylhet,Habiganj,SW281 (Shaistaganj),,,,,,,,,,,,,,,,,,,,,,,,,,
BD-WB-0032,halda,Halda,হালদা,,River,Tributary (Freshwater Breeding),,,,,,,,81,,50-150,9,120,,Badnatali Hill Ranges (Ramgarh),Karnaphuli River,,,,,false,,Chattogram,Khagrachari / Chattogram,SW119.1 (Panchpukuria),,,,,,,,,,,,,,,,,,,,,,,,,,
BD-WB-0033,titas,Titas,তিতাস,,River,Tributary / Distributary,,,,,,,,98,,100-300,10,310,,Tripura Hills / Meghna network,Meghna River,,,,,true,,Chattogram,Brahmanbaria,SW296 (Akhaura),,,,,,,,,,,,,,,,,,,,,,,,,,
BD-WB-0034,karatoa-north-south,Karatoa (North & South),করতোয়া,,River,Tributary Network,,,,,,,,187,,50-250,8,260,,Himalayan foothills,Bangali River / Atrai,,,,,true,,Rangpur / Rajshahi,Panchagarh / Dinajpur / Gaibandha / Bogura / Sirajganj,"SW149 (Chak Rahimpur), SW151 (Bogura)",,,,,,,,,,,,,,,,,,,,,,,,,,
BD-WB-0035,atrai,Atrai,আত্রাই,,River,Transboundary Tributary,,,,,,,,390,,100-400,12,350,,Siliguri (West Bengal),Jamuna River / Chalan Beel,,,,,true,,Rangpur / Rajshahi,Panchagarh / Dinajpur / Naogaon / Natore / Pabna,"SW7 (Naogaon), SW9 (Atrai)",,,,,,,,,,,,,,,,,,,,,,,,,,
BD-WB-0036,jadukata,Jadukata,জাদুকাটা,,River,Transboundary Tributary,,,,,,,,35,,100-350,8,310,,Khasi Hills (Meghalaya),Surma River / Haor basin,,,,,true,,Sylhet,Sunamganj,SW129 (Tahjirpur),,,,,,,,,,,,,,,,,,,,,,,,,,
BD-WB-0037,khowai,Khowai,খোয়াই,,River,Transboundary Tributary,,,,,,,,166,,100-250,9,220,,Tripura Hills (India),Kushiyara River,,,,,true,,Sylhet,Habiganj,SW158 (Habiganj),,,,,,,,,,,,,,,,,,,,,,,,,,
BD-WB-0038,mahananda,Mahananda,মহানন্দা,,River,Transboundary Tributary,,,,,,,,36,,150-400,10,420,,Mahaldiram Hills (Himalayas),Padma River,,,,,true,,Rajshahi / Rangpur,Panchagarh / Chapainawabganj,"SW184 (Tetulia), SW186 (Chapainawabganj)",,,,,,,,,,,,,,,,,,,,,,,,,,
BD-WB-0039,manu,Manu,মনু,,River,Transboundary Tributary,,,,,,,,167,,80-200,8,200,,Tripura Hills (India),Kushiyara River,,,,,true,,Sylhet,Moulvibazar,SW197 (Moulvibazar),,,,,,,,,,,,,,,,,,,,,,,,,,
BD-WB-0040,piyain,Piyain,পিয়াইন,,River,Transboundary Tributary,,,,,,,,145,,100-300,7,210,,Omgat River (Meghalaya),Surma River,,,,,true,,Sylhet,Sylhet,SW224 (Jaflong),,,,,,,,,,,,,,,,,,,,,,,,,,
BD-WB-0041,punarbhaba,Punarbhaba,পুনর্ভবা,,River,Transboundary Tributary,,,,,,,,160,,80-200,9,190,,West Bengal (India),Mahananda River,,,,,true,,Rajshahi / Rangpur,Dinajpur / Naogaon / Chapainawabganj,SW237 (Rohanpur),,,,,,,,,,,,,Punarbhaba,160,Dinajpur (80) Rajshahi (80),https://en.banglapedia.org/index.php/River,,,,Banglapedia,https://en.banglapedia.org/index.php/River,1,,,,
BD-WB-0042,sari-goyain,Sari-Goyain,সারী-গোয়াইন,,River,Transboundary Tributary,,,,,,,,56,,80-200,8,190,,Jaintia Hills (Meghalaya),Surma River,,,,,true,,Sylhet,Sylhet,SW255 (Sarighat),,,,,,,,,,,,,,,,,,,,,,,,,,
BD-WB-0043,someswari,Someswari,সোমেশ্বরী,,River,Transboundary Tributary,,,,,,,,50,,100-300,7,280,,Garo Hills (Meghalaya),Kangsha River,,,,,true,,Mymensingh,Netrokona,SW273 (Durgapur),,,,,,,,,,,,,,,,,,,,,,,,,,
BD-WB-0044,arial-khan,Arial Khan,আড়িয়াল খাঁ,,River,Distributary,,,,,,,,160,,300-1200,16,1800,,Padma River Off-take,Tentulia River / Bay of Bengal,,,,,false,,Dhaka / Barishal,Rajbari / Faridpur / Madaripur / Barishal,SW3 (Madaripur),,,,,,,,,,,,,Arial Khan,160,Faridpur (102) Barisal (58),https://en.banglapedia.org/index.php/River,,,,Banglapedia,https://en.banglapedia.org/index.php/River,1,,,,
BD-WB-0045,bhairab,Bhairab,ভৈরব,,River,Distributary,,,,,,,,160,,100-400,10,320,,Padma Off-take,Rupsa River,,,,,false,,Khulna,Meherpur / Chuadanga / Jhenaidah / Jashore / Khulna,"SW26 (Jashore), SW28 (Khulna)",,,,,,,,,,,,,Bhairab,250,"Jessore, Khulna",https://en.banglapedia.org/index.php/River,,,,Banglapedia,https://en.banglapedia.org/index.php/River,1,,,,
BD-WB-0046,chitra,Chitra,চিত্রা,,River,Distributary,,,,,,,,170,,60-180,7,160,,Nabaganga Off-take,Nabaganga River,,,,,false,,Khulna,Chuadanga / Jhenaidah / Magura / Narail,SW64 (Narail),,,,,,,,,,,,,Chitra,170,Kushtia (19) Jessore (151),https://en.banglapedia.org/index.php/River,,,,Banglapedia,https://en.banglapedia.org/index.php/River,1,,,,
BD-WB-0047,dhaleshwari,Dhaleshwari,ধলেশ্বরী,,River,Distributary,,,,,,,,160,,200-800,15,1200,,Jamuna Off-take,Meghna River,,,,,false,,Dhaka,Tangail / Manikganj / Dhaka / Narayanganj,"SW87 (Rekabi Bazar), SW88 (Jagannathpur)",,,,,,,,,,,,,Dhaleshwari,160,"Mymensingh, Dhaka",https://en.banglapedia.org/index.php/River,,,,Banglapedia,https://en.banglapedia.org/index.php/River,1,,,,
BD-WB-0048,gorai,Gorai,গড়াই,,River,Distributary,,,,,,,,210,,250-800,15,1300,,Padma River Off-take,Madhumati River / Rupsa-Pasur,,,,,false,,Khulna / Dhaka,Kushtia / Jhenaidah / Magura / Rajbari / Faridpur,"SW99 (Gorai Railway Bridge), SW101 (Kamarkhali)",,,,,,,,,,,,,Gorai-Madhumati-Baleshwar,371,"Kushtia (37), Faridpur (71), Jessore (92), Khulna (104), Barisal (67)",https://en.banglapedia.org/index.php/River,,,,Banglapedia,https://en.banglapedia.org/index.php/River,1,,,,
BD-WB-0049,kopotakho-kabadak,Kopotakho (Kabadak),কপোতাক্ষ,,River,Distributary,,,,,,,,180,,80-300,9,210,,Bhairab Off-take,Arpangachhia River / Sundarbans,,,,,false,,Khulna,Jhenaidah / Jashore / Satkhira,"SW162 (Tala), SW164 (Paikgacha)",,,,,,,,,,,,,Kobadak,260,Jessore (80) Khulna (180),https://en.banglapedia.org/index.php/River,,,,Banglapedia,https://en.banglapedia.org/index.php/River,1,,,,
BD-WB-0050,mathabhanga,Mathabhanga,মাথাভাঙ্গা,,River,Distributary,,,,,,,,121,,100-250,8,240,,Padma Off-take,Bhairab / Kumar River,,,,,true,,Khulna,Kushtia / Chuadanga,SW199 (Munshiganj),,,,,,,,,,,,,Mathabhanga,156,"Rajshahi (16), Kushtia (140)",https://en.banglapedia.org/index.php/River,,,,Banglapedia,https://en.banglapedia.org/index.php/River,1,,,,
BD-WB-0051,nabaganga,Nabaganga,নবগঙ্গা,,River,Distributary,,,,,,,,230,,80-250,9,280,,Mathabhanga Off-take,Chitra / Rupsa network,,,,,false,,Khulna,Jhenaidah / Magura / Narail,SW214 (Magura),,,,,,,,,,,,,Nabaganga,230,Kushtia (26) Jessore (204),https://en.banglapedia.org/index.php/River,,,,Banglapedia,https://en.banglapedia.org/index.php/River,1,,,,
BD-WB-0052,old-brahmaputra,Old Brahmaputra,পুরাতন ব্রহ্মপুত্র,,River,Distributary,,,,,,,,240,,100-500,12,600,,Jamuna Off-take (Dewanganj),Meghna River (at Bhairab),,,,,false,,Mymensingh / Dhaka,Jamalpur / Mymensingh / Kishoreganj / Narsingdi,"SW228 (Mymensingh), SW231 (Bhairab Bazar)",,,,,,,,,,,,,Old Brahmaputra,276,Mymensingh (276),https://en.banglapedia.org/index.php/River,,,,Banglapedia,https://en.banglapedia.org/index.php/River,1,,,,
BD-WB-0053,bangali,Bangali,বাঙালী,,River,Distributary / Tributary,,,,,,,,183,,100-300,9,400,,Teesta / Karatoa network,Jamuna River,,,,,false,,Rajshahi / Rangpur,Gaibandha / Bogura / Sirajganj,SW11A (Shariakandi),,,,,,,,,,,,,,,,,,,,,,,,,,
BD-WB-0054,buriganga,Buriganga,বুড়িগঙ্গা,,River,Distributary / Urban River,,,,,,,,27,,100-300,12,180,,Dhaleshwari Off-take,Dhaleshwari River,,,,,false,,Dhaka,Dhaka / Narayanganj,SW42 (Dhaka - Mill Barrack),,,,,,,,,,,,,Buriganga,27,Dhaka (27),https://en.banglapedia.org/index.php/River,,,,Banglapedia,https://en.banglapedia.org/index.php/River,1,,,,
BD-WB-0055,shitalakshya,Shitalakshya,শীতলক্ষ্যা,,River,Distributary / Urban River,,,,,,,,110,,150-400,18,400,,Old Brahmaputra Off-take,Dhaleshwari River,,,,,false,,Dhaka,Gazipur / Narsingdi / Narayanganj,"SW263 (Demra), SW265 (Narayanganj)",,,,,,,,,,,,,,,,,,,,,,,,,,
BD-WB-0056,turag,Turag,তুরাগ,,River,Distributary / Urban River,,,,,,,,64,,50-150,8,110,,Bangshi River,Buriganga River,,,,,false,,Dhaka,Gazipur / Dhaka,SW299 (Mirpur),,,,,,,,,,,,,,,,,,,,,,,,,,
BD-WB-0057,kushiyara,Kushiyara,কুশিয়ারা,,River,Major Branch / Network,,,,,,,,228,,200-400,20,1500,,Barak River Off-take (Amalshid),Meghna River (Confluence with Surma),,,,,true,,Sylhet,Sylhet / Moulvibazar / Habiganj / Sunamganj,"SW173 (Sherpur), SW175 (Markuli)",,,,,,,,,,,,,Kushiyara,228,Sylhet (228),https://en.banglapedia.org/index.php/River,,,,Banglapedia,https://en.banglapedia.org/index.php/River,1,,,,
BD-WB-0058,surma,Surma,সুরমা,,River,Major Branch / Network,,,,,,,,249,,150-300,18,1200,,Barak River Off-take (Amalshid),Meghna River (Confluence with Kushiyara),,,,,true,,Sylhet,Sylhet / Sunamganj / Kishoreganj,"SW267 (Sylhet), SW269 (Sunamganj)",,,,,,,,,,,,,,,,,,,,,,,,,,
BD-WB-0059,begabati,Begabati,বেগবতী,,River,River (Seasonal),,Magura,Magura Sadar,,,,,53,,32,,,,"Lowland in Jhenaidah Sadar, Jhenaidah",Fatki River,,,Seasonal,,false,,,Jhenaidah; Magura,SW21 (Arpara),,,,,,,,,,,,,Begabati River,39,Jhenaidah; Magura,,,,,,,,,,,
BD-WB-0060,bhadra,Bhadra,ভদ্রা,,River,River (Seasonal),,Jessore; Khulna,Keshabpur; Dacope; Dumuria,,,,,193,,,,,,"Kobadak (Kapotaksa) near Jhikargachha, Jashore",Pasur–Shibsa confluence,,,Seasonal,,false,,,Jashore; Khulna,SW27 (Keshabpur); SW29 (Sutarkhali_Forest Office); SW28 (Dumuria),,,,,,,,,,,,,Bhadra,193,Jessore (58) Khulna (135),https://en.banglapedia.org/index.php/River,,,,Banglapedia,https://en.banglapedia.org/index.php/River,1,,,,
BD-WB-0061,dhala,Dhala,ধলা,,River,River (Seasonal),,Sylhet,Companiganj,,,,,13,,158,,,,"Eastern hills of Tripura, India",Piyain-Sylhet-Sunamganj River,,,Seasonal,,true,Tripura Hills; India,,Sylhet,SW332 (Islampur),,,,,,,,,,,,,,,,,,,,,,,,,,
BD-WB-0062,dhepa,Dhepa,ধেপা,,River,River (Seasonal),,Dinajpur,Kaharole,,,,,40,,,,,,"Right bank of the Atrai near Mohanpur, Dinajpur",Punarbhaba River,,,Seasonal,,false,,,Dinajpur,SW78 (Kantanagar),,,,,,,,,,,,,Dhepa River,40,Dinajpur,,,,,,,,,,,
BD-WB-0063,ghoramara,Ghoramara,ঘোড়ামারা,,River,River (Seasonal),,Panchagarh,Panchagarh Sadar,,,,,,,,,,,India,,,,Seasonal,,true,India,,Panchagarh; Nilphamari,SW305.5 (Ghoramaraghat),,,,,,,,,,,,,,,,,,,,,,,,,,
BD-WB-0064,hawrah,Hawrah,হাওড়া,,River,River (Seasonal),,Brahmanbaria,Akhaura,,,,,10,,41,,,,"Tripura, India",Titas River,,,Seasonal,,true,Tripura Hills; India,,Brahmanbaria,SW123 (Gangasagar Rly.),,,,,,,,,,,,,Hawrah River,31,Brahmanbaria,SW258 (Mandi),,,,Banglapedia,SW258 (Mandi),1,,,,
BD-WB-0065,jhenai,Jhenai,ঝিনাই,,River,River (Seasonal),,Jamalpur; Tangail,Melandaha; Sarishabari; Kalihati,,,,,18,,,,,,"Old Brahmaputra River near Kalihati, Tangail",Brahmaputra-Jamuna River,,,Seasonal,,false,,,Tangail; Jamalpur,SW134B (Offtake of Jhenai); SW134A (Baushi Bridge); SW134 (Jukerchar),,,,,,,,,,,,,Jhenai River,100,Mymensingh; Tangail,Jamuna River,,,,Banglapedia,Jamuna River,1,,,,
BD-WB-0066,kakri,Kakri,কাকড়ী,,River,River (Seasonal),,Cumilla,Chauddagram,,,,,,,,,,,"Tripura Hills, India",Meghna River system,,,Seasonal,,true,Tripura; India,,Cumilla,SW334 (Miar Bazar),,,,,,,,,,,,,Kakri River,15,Comilla,,,,,,,,,,,
BD-WB-0067,nitai,Nitai,নিতাই,,River,River (Seasonal),,Mymensingh,Dhobaura,,,,,,,,,,,India,,,,Seasonal,,true,Meghalaya; India,,Mymensingh,SW314 (Ghosegaon),,,,,,,,,,,,,Nitai River,25,Mymensingh,,,,,,,,,,,
BD-WB-0068,pagla,Pagla,পাগলা,,River,River (Seasonal),,Nawabganj,Shibganj,,,,,,,,,,,Offshoot of the Meghna River,Meghna River system,,,Seasonal,,true,West Bengal; India,,Rajshahi,SW338 (Cansart); SW338.5 (Ramkrishnapur),,,,,,,,,,,,,Pagla River,35,Maldah (India); Rajshahi,,,,,,,,,,,
BD-WB-0069,sonai-bardal,Sonai-Bardal,সোনাই-বরদল,,River,River (Seasonal),,Sylhet,Fenchuganj,,,,,46,,81,,,,"India–Kushiyara system near Beani Bazar, Sylhet",Juri River,,,Seasonal,,true,Tripura Hills; India,,Sylhet; Moulvibazar,SW265 (Jaldhup),,,,,,,,,,,,,Sonai-Bardal River,20,Sylhet,,,,,,,,,,,
BD-WB-0070,tangon,Tangon,টাংগন,,River,River (Seasonal),,Dinajpur; Thakurgaon,Bochaganj; Thakurgaon,,,,,,,,,,,"West Bengal, India",Punarbhaba River,,,Seasonal,,true,West Bengal; India,,Panchagarh; Thakurgaon; Dinajpur,SW287 (Kodalkatigaon); SW285 (Thakurgaon); SW284 (Raniganj),,,,,,,,,,,,,Tangon River,70,Dinajpur; Thakurgaon,,,,,,,,,,,
BD-WB-0071,tongi-khal,Tongi Khal,টংগী খাল,,River,River (Seasonal),,Dhaka,Uttara,,,,,,,,,,,Lowland around Dhaka,Balu River,,,Seasonal,,false,,,Dhaka,SW299 (Tongi),,,,,,,,,,,,,Tongi Khal,15,Dhaka,Turag River,,,,Banglapedia,Turag River,1,,,,
BD-WB-0072,brahmaputra-jamuna,Brahmaputra-Jamuna,ব্রহ্মপুত্র-যমুনা,,River,River (Perennial),,Bogura; Gaibandha; Jamalpur; Kurigram; Manikganj; Pabna; Sirajganj; Tangail,Shariakandi; Fulchhari; Saghatta; Islampur; Sarishabari; Chilmari; Kurigram Sadar; Ulipur; Shivalaya; Bera; Kazipur; Sirajganj Sadar; Tangail Sadar,,,,,276,,,,,,Himalaya/Tibet; enters Bangladesh as the Brahmaputra and becomes the Jamuna,Padma River at Goalanda Ghat,,,Perennial,,true,Tibet / India,,Sirajganj; Pabna; Tangail; Kurigram; Manikganj; Jamalpur; Bogura; Gaibandha,SW15J (Mathurpara-Milanpur); SW46.7R (Kristomonichar); SW46.9R (Fulchari_Transit); SW46 (Kamarjani); SW47.3R (Patilbarichar); SW46.5 (Saghata); SW47.3L (Jognaichar); SW47 (Bahadurabad); SW46.9L (Bahadurabad_Transit); SW48 (Jaganathganj); SW45.5 (Chilmari); SW45 (Noonkhawa); SW45A (Hatia (Ulipur)); SW50.6 (Aricha); SW50.3 (Mathura); SW49A (Kazipur); SW49 (Sirajganj); SW50 (Porabari),,,,,,,,,,,,,Brahmaputra-Jamuna (Jamuna 207),276,Rangpur (140) Pabna (136),https://en.banglapedia.org/index.php/River,,,,Banglapedia,https://en.banglapedia.org/index.php/River,1,,,,
BD-WB-0073,dakatia,Dakatia,ডাকাতিয়া,,River,River (Perennial),,Chandpur,Hajiganj,,,,,207,,,,,,"Chauddagram Khal, connected to the Little Feni, Cumilla",Meghna River,,,Perennial,,false,,,Cumilla; Chandpur; Noakhali,SW58A (Laksam); SW58 (Hajiganj),,,,,,,,,,,,,Dakatia,207,Comilla (180) Noakhali (27),https://en.banglapedia.org/index.php/River,,,,Banglapedia,https://en.banglapedia.org/index.php/River,1,,,,
BD-WB-0074,dhanagoda,Dhanagoda,ধনাগোদা,,River,River (Perennial),,Chandpur,Matlab Uttar,,,,,,,,,,,Offshoot of the Meghna River,Meghna River,,,Perennial,,false,,,Chandpur,SW79 (Matlab Bazar),,,,,,,,,,,,,Dhanagoda River,65,Comilla,,,,,,,,,,,
BD-WB-0075,ganges-padma,Ganges (Padma),গঙ্গা (পদ্মা),,River,River (Perennial),,Kushtia; Manikganj; Munshiganj; Nawabganj; Pabna; Rajbari; Rajshahi; Shariatpur,Mirpur; Harirampur; Lohajang; Sreenagar; Shibganj; Ishwardi; Goalandaghat; Pangsha; Rajbari Sadar; Boalia; Charghat; Naria,,,,,378,,,,,,"Gangotri Glacier, India",Meghna River at Chandpur,,,Perennial,,true,Himalayas / India,,Rajshahi; Pabna; Kushtia; Rajbari; Manikganj; Dhaka; Munshiganj; Shariatpur; Chandpur,SW91 (Talbaria); SW92.3L (Kadamtola); SW91.9L (Baruria Transit); SW93.5L (Mawa); SW94 (Tarpasa); SW93.4L (Bhagyakul); SW88A (Panka); SW90 (Hardinge Bridge); SW91.9R (Goalundo Transi); SW91.1 (Sengram); SW91.7R (Urakanda); SW91.2 (Mohendrapur); SW88 (Rajshahi); SW89 (Sardah); SW95 (Sureswar),,,,,,,,,,,,,"Ganges-Padma (Ganges 258, Padma 120)",378,"Rajshahi (145), Pabna (98), Dhaka and Faridpur (135)",https://en.banglapedia.org/index.php/River,,,,Banglapedia,https://en.banglapedia.org/index.php/River,1,,,,
BD-WB-0076,ichamati-rangamati,Ichamati (Rangamati),ইছামতী (রাঙ্গামাটি),,River,River (Perennial),,Chattogram,Rangunia,,,,,37,,32,,,,"Hilly region in Kawkhali, Rangamati",Karnafuli River,,,Perennial,,false,,,Rangamati; Chattogram,SW124 (Thandachari); SW125 (Outfall Karnafuli(Rangunia)),,,,,,,,,,,,,Ichamati River (Chittagong),37,Chittagong,,,,,,,,,,,
BD-WB-0077,juri,Juri,জুড়ী,,River,River (Perennial),,Moulvibazar,Juri; Moulvibazar Sadar,,,,,56,,53,,,,"Northeastern hills of Tripura, India",Kushiyara River,,,Perennial,,true,Tripura; India,,Moulvibazar; Sylhet,SW135A (JuriCont_Silghat); SW135 (Juri_Silghat),,,,,,,,,,,,,Juri River,56,Sylhet,,,,,,,,,,,
BD-WB-0078,karnafuli,Karnafuli,কর্ণফুলী,,River,River (Perennial),,Chattogram; Rangamati,Chittagong Sadar; Barkal,,,,,161,,453,,,,"Tuilianpui/Sazal Lui River, Barkal, Rangamati",Bay of Bengal,,,Perennial,,false,,,Rangamati; Chattogram,SW152.2 (Kalurghat); SW153 (Chittagong); SW152.5 (Baraharina),,,,,,,,,,,,,Karnafuli,180,"Chittagong HT, Chittagong",https://en.banglapedia.org/index.php/River,,,,Banglapedia,https://en.banglapedia.org/index.php/River,1,,,,
BD-WB-0079,katakhali,Katakhali,কাটাখালি,,River,River (Perennial),,Gaibandha,Gobindaganj,,,,,28,,175,,,,"Karatoya-Nilphamari River in Gobindaganj, Gaibandha",Bangali River,,,Perennial,,false,,,Gaibandha,SW155 (Mohimaganj Railway Crossi),,,,,,,,,,,,,Katakhali River,28,Bogra,,,,,,,,,,,
BD-WB-0080,kobadak,Kobadak,কপোতাক্ষ,,River,River (Perennial),,Chuadanga; Jessore; Khulna; Satkhira,Jjbannagar; Chaugachha; Jhikargachha; Koyra; Paikgachha; Tala,,,,,260,,,,,,"Bhairab River near Chaugachha, Jashore",Arpangachhia River / Sundarbans,,,Perennial,,false,,,Chuadanga; Jashore; Satkhira; Khulna,SW160 (Andulbaria); SW161 (Tahirpur); SW162 (Jhikargacha); SW165 (Kobadak Forest Office); SW164 (Chandkhali); SW163 (Tala Magura),,,,,,,,,,,,,Kobadak,260,Jessore (80) Khulna (180),https://en.banglapedia.org/index.php/River,,,,Banglapedia,https://en.banglapedia.org/index.php/River,1,,,,
BD-WB-0081,korangi,Korangi,কোরাঙ্গী,,River,River (Perennial),,Habiganj,Bahubal,,,,,58,,35,,,,"Hilly region in Chunarughat, Habiganj",Bijna-Guinggajuri River,,,Perennial,,false,,,Habiganj,SW138 (Sofiabad),,,,,,,,,,,,,Korangi River,23,Sylhet,,,,,,,,,,,
BD-WB-0082,lohalia,Lohalia,লোহালিয়া,,River,River (Perennial),,Barisal,Bakerganj,,,,,93,,325,,,,"Nehalganj-Rangmatia River in Bakerganj, Barisal",Bay of Bengal,,,Perennial,,false,,,Barisal; Patuakhali,SW183 (Kaitpara),,,,,,,,,,,,,Lohalia River,48,Barisal; Patuakhali,,,,,,,,,,,
BD-WB-0083,pathraj,Pathraj,পাথরাজ,,River,River (Perennial),,Panchagarh,Boda,,,,,,,,,,,India,,,,Perennial,,false,,,Panchagarh; Dinajpur,SW232 (Phulbari_Outfall),,,,,,,,,,,,,Pathraj River,45,Dinajpur,,,,,,,,,,,
BD-WB-0084,salda,Salda,সালদা,,River,River (Perennial),,Cumilla,Brahmanpara,,,,,23,,37,,,,"India near Kasba, Brahmanbaria",Buri River,,,Perennial,,false,Tripura Hills; India,,Brahmanbaria; Cumilla,SW339 (Salda Rly Bridg),,,,,,,,,,,,,Salda River,31,Brahmanbaria,SW258 (Mandi),,,,Banglapedia,SW258 (Mandi),1,,,,
BD-WB-0085,sari-gowain,Sari Gowain,,,River,River (Perennial),,Sylhet,Gowainghat; Jaintiapur; Sylhet Sadar,,,,,56,,190,8,190,,"Jaintia Hills, Meghalaya, India",Surma River,,,Perennial,,true,,,Sylhet,SW252 (Gowainghat); SW251 (Sarighat); SW252.1 (Salutikar),,,,,,,,,,,,,,,,,,,,,,,,,,
BD-WB-0086,selonia,Selonia,,,River,River (Perennial),,Feni,Chhagalnaiya; Parshuram,,,,,61,,62,,,,"India near Parshuram, Feni",Feni River,,,Perennial,,true,,,Feni,SW257 (Malipur_C); SW257.5 (Suber Bazar),,,,,,,,,,,,,,,,,,,,,,,,,,
BD-WB-0087,sonai,Sonai,,,River,River (Perennial),,Habiganj,Madhabpur,,,,,30,,41,,,,"India near Madhabpur, Habiganj",Titas River,,,Perennial,,true,,,Habiganj; Brahmanbaria,SW264A (Montala),,,,,,,,,,,,,,,,,,,,,,,,,,
BD-WB-0088,talma,Talma,,,River,River (Perennial),,Panchagarh,Panchagarh Sadar,,,,,28,,60,,,,"India near Panchagarh Sadar, Panchagarh",Karatoya River,,,Perennial,,true,,,Panchagarh,SW283 (Molani); SW282 (Bhitargar),,,,,,,,,,,,,,,,,,,,,,,,,,
BD-WB-0089,bakkhali,Bakkhali,বাঁকখালী,,River,Coastal River,,,,,,,,67,,80-250,7,140,,Chittagong Hill Tracts,Moheshkhali Channel / Bay of Bengal,,,,,false,,Chattogram,Bandarban / Cox's Bazar,SW20 (Cox's Bazar),,,,,,,,,,,,,,,,,,,,,,,,,,
BD-WB-0090,feni,Feni,ফেনী,,River,Coastal River,,,,,,,,116,,100-500,10,250,,Tripura Hills (India),Bay of Bengal,,,,,true,,Chattogram,Feni / Chattogram,SW108 (Ramgarh),,,,,,,,,,,,,,,,,,,,,,,,,,
BD-WB-0091,karnaphuli,Karnaphuli,কর্ণফুলী,,River,Coastal River,,,,,,,,180,,300-800,25,850,,Lushai Hills (Mizoram),Bay of Bengal (Patenga),,,,,true,,Chattogram,Rangamati / Chattogram,"SW119 (Kalurghat), SW120 (Chittagong Sadar)",,,,,,,,,,,,,Karnafuli,180,"Chittagong HT, Chittagong",https://en.banglapedia.org/index.php/River,,,,Banglapedia,https://en.banglapedia.org/index.php/River,1,,,,
BD-WB-0092,matamuhuri,Matamuhuri,মাতামুহুরী,,River,Coastal River,,,,,,,,148,,100-350,12,300,,Mowdok Range (Bandarban),Bay of Bengal,,,,,false,,Chattogram,Bandarban / Cox's Bazar,"SW203 (Lama), SW204 (Chiringa)",,,,,,,,,,,,,Matamuhuri,287,Chittagong HT and Chittagong,https://en.banglapedia.org/index.php/River,,,,Banglapedia,https://en.banglapedia.org/index.php/River,1,,,,
BD-WB-0093,muhuri,Muhuri,মুহুরী,,River,Coastal River,,,,,,,,62,,80-300,8,180,,Tripura Hills (India),Feni River / Bay of Bengal,,,,,true,,Chattogram,Feni,SW213 (Parshuram),,,,,,,,,,,,,,,,,,,,,,,,,,
BD-WB-0094,sangu,Sangu,সাঙ্গু,,River,Coastal River,,,,,,,,173,,150-400,15,450,,North Arakan Hills (Myanmar),Bay of Bengal,,,,,true,,Chattogram,Bandarban / Chattogram,"SW247 (Bandarban), SW248 (Dohazari)",,,,,,,,,,,,,Sangu,173,"Chittagong (80), Chittagong Hill Tracts (93)",https://en.banglapedia.org/index.php/River,,,,Banglapedia,https://en.banglapedia.org/index.php/River,1,,,,
BD-WB-0095,baleshwar,Baleshwar,বলেশ্বর,,River,Estuarine River,,,,,,,,146,,600-2500,22,3100,,Madhumati River continuation,Pasur River / Bay of Bengal,,,,,false,,Barishal / Khulna,Pirojpur / Barguna / Bagerhat,SW13 (Pirojpur),,,,,,,,,,,,,,,,,,,,,,,,,,
BD-WB-0096,bishkhali,Bishkhali,বিষখালী,,River,Estuarine River,,,,,,,,96,,500-2000,20,2400,,Lower Meghna network,Bay of Bengal,,,,,false,,Barishal,Jhalokathi / Barguna,SW38.1 (Barguna),,,,,,,,,,,,,,,,,,,,,,,,,,
BD-WB-0097,kirtankhola,Kirtankhola,কীর্তনখোলা,,River,Estuarine River,,,,,,,,16,,300-800,18,1100,,Arial Khan Off-take,Gajalia / Sugandha / Bay of Bengal,,,,,false,,Barishal,Barishal,SW18 (Barisal Sadar),,,,,,,,,,,,,,,,,,,,,,,,,,
BD-WB-0098,payra-burishwar,Payra (Burishwar),পায়রা,,River,Estuarine River,,,,,,,,90,,800-3000,25,3800,,Barishal network,Bay of Bengal,,,,,false,,Barishal,Patuakhali / Barguna,SW221 (Amatali),,,,,,,,,,,,,,,,,,,,,,,,,,
BD-WB-0099,rupsa-pasur,Rupsa-Pasur,রূপসা-পশুর,,River,Estuarine River,,,,,,,,140,,500-3000,30,4500,,Gorai-Madhumati Network,Bay of Bengal (Sundarbans),,,,,false,,Khulna,Khulna / Bagerhat,"SW241 (Khulna), SW244 (Mongla Port)",,,,,,,,,,,,,Rupsa-Pasur,141,Khulna (141),https://en.banglapedia.org/index.php/River,,,,Banglapedia,https://en.banglapedia.org/index.php/River,1,,,,
BD-WB-0100,naf,Naf,নাফ,,River,Estuarine / Boundary River,,,,,,,,62,,800-1600,12,800,,Arakan Mountains (Myanmar),Bay of Bengal,,,,,true,,Chattogram,Cox's Bazar,SW215 (Teknaf),,,,,,,,,,,,,,,,,,,,,,,,,,
BD-WB-0101,balu,Balu,বালু,,River,Urban River,,,,,,,,44,,40-100,6,85,,Greater Gazipur wetlands,Shitalakshya River,,,,,false,,Dhaka,Gazipur / Dhaka / Narayanganj,SW16 (Demra),,,,,,,,,,,,,,,,,,,,,,,,,,
BD-WB-0102,teesta,Teesta,তিস্তা,,River,Major Tributary,,,,,,,,115,,300-2000,10,800,,Pahunri Glacier (Sikkim),Jamuna River (at Chilmari),,,,,true,,Rangpur,Nilphamari / Lalmonirhat / Rangpur / Kurigram,"SW291 (Dalia Barrage), SW293 (Kaunia)",,,,,,,,,,,,,Tista,115,Rangpur (115),https://en.banglapedia.org/index.php/River,,,,Banglapedia,https://en.banglapedia.org/index.php/River,1,,,,
BD-WB-0103,jamuna,Jamuna,যমুনা,,River,Major River,,,,,,,,205,,3000-12000,40,20000,,Yarlung Tsangpo (Tibet),Padma River (at Goalando),,,,,true,,Rangpur / Rajshahi / Dhaka,Kurigram / Gaibandha / Bogura / Sirajganj / Tangail / Manikganj,"SW46.5 (Bahadurabad), SW49 (Sirajganj)",,,,,,,,,,,,,Brahmaputra-Jamuna (Jamuna 207),276,Rangpur (140) Pabna (136),https://en.banglapedia.org/index.php/River,,,,Banglapedia,https://en.banglapedia.org/index.php/River,1,,,,
BD-WB-0104,meghna-upper-lower,Meghna (Upper & Lower),মেঘনা,,River,Major River,,,,,,,,264,,1000-11000,45,35000,,Barak River (Assam/Manipur),Bay of Bengal,,,,,true,,Sylhet / Dhaka / Chattogram / Barishal,Kishoreganj / Brahmanbaria / Narsingdi / Narayanganj / Munshiganj / Chandpur / Lakshmipur / Bhola,"SW275.5 (Meghna Bridge), SW277 (Chandpur), SW278 (Daulatkhan)",,,,,,,,,,,,,,,,,,,,,,,,,,
BD-WB-0105,padma,Padma,পদ্মা,,River,Major River,,,,,,,,120,,4000-10000,35,30000,,Gangotri Glacier (Himalayas),Meghna River (at Chandpur),,,,,true,,Rajshahi / Dhaka / Khulna,Chapainawabganj / Rajshahi / Pabna / Kushtia / Rajbari / Dhaka / Munshiganj / Shariatpur,"SW91.5 (Hardinge Bridge), SW93.5 (Goalundo)",,,,,,,,,,,,,"Ganges-Padma (Ganges 258, Padma 120)",378,"Rajshahi (145), Pabna (98), Dhaka and Faridpur (135)",https://en.banglapedia.org/index.php/River,,,,Banglapedia,https://en.banglapedia.org/index.php/River,1,,,,
BD-WB-0106,madhumati,Madhumati,মধুমতী,Gorai-Madhumati (lower course),River,Major Distributary,,,,,,,,,,,,,,Gorai River; river is known as Madhumati from the Mohammadpur area of Magura,Baleshwar River / coastal delta system,,,Perennial,,false,,Khulna / Dhaka,Magura / Narail / Gopalganj / Bagerhat,,,,,,,,,,,,,,Gorai-Madhumati-Baleshwar,371,"Kushtia (37), Faridpur (71), Jessore (92), Khulna (104), Barisal (67)",https://en.banglapedia.org/index.php/Gorai-Madhumati_River,,,,BWDB | Banglapedia,https://en.bwdb.gov.bd/rivers-information|https://en.banglapedia.org/index.php/Gorai-Madhumati_River,2,high,2026-08-30,,"Banglapedia's 371 km figure is for the combined Gorai-Madhumati-Baleshwar system, not Madhumati alone."
BD-WB-0107,baral,Baral,বড়াল,,River,Distributary,,,,,,,,147,,125,,,,"Ganges/Padma off-take at Charghat, Rajshahi",Hurasagar River after joining the Karatoya,,,Seasonal,,false,,Rajshahi,Rajshahi / Natore / Pabna,,,,,,,,,,,,,,Baral,147,,https://en.banglapedia.org/index.php/Baral_River,,,,BWDB | Banglapedia,https://en.bwdb.gov.bd/rivers-information|https://en.banglapedia.org/index.php/Baral_River,2,high,2026-08-30,,
BD-WB-0108,gumti,Gumti,গোমতী,Gomti,River,Transboundary River,,Cumilla,,,,,,135,,,,,,"Dumur, northeastern hills of Tripura, India","Meghna River at Shapta, Daudkandi",,,Seasonal,,true,India,Chattogram,Cumilla,,,,,,,,,,,,,,Gumti,135,,https://en.banglapedia.org/index.php/Gumti_River,,,,BWDB | Banglapedia,https://en.bwdb.gov.bd/rivers-information|https://en.banglapedia.org/index.php/Gumti_River,2,high,2026-08-30,,
BD-WB-0109,dhanu,Dhanu,ধনু,Dhanu-Baulai-Ghorautra system,River,Major Haor River,,,,,,,,,,,,,,Baulai river system,Ghorautra / Meghna river network,,,Perennial,,false,,Sylhet / Mymensingh / Dhaka,Sunamganj / Netrokona / Kishoreganj,,,,,,,,,,,,,,Dhanu-Baulai-Ghorautra,235,,https://en.banglapedia.org/index.php/River,,,,BWDB | Banglapedia,https://en.bwdb.gov.bd/rivers-information|https://en.banglapedia.org/index.php/River,2,medium,2026-08-30,,Banglapedia's 235 km value is for the combined Dhanu-Baulai-Ghorautra system.
BD-WB-0110,kalni,Kalni,কালনী,,River,Haor / Meghna Network River,,,,,,,,,,,,,,,,,,Perennial,,false,,Sylhet / Dhaka,Sunamganj / Kishoreganj,,,,,,,,,,,,,,,,,,,,,BWDB,https://en.bwdb.gov.bd/rivers-information,1,high,2026-08-30,,
BD-WB-0111,tentulia,Tentulia,তেঁতুলিয়া,Tetulia,River,Lower Meghna Distributary / Estuarine River,,,,,,,,84,,6000,,,,Lower Meghna north of Bhola,Bay of Bengal; lower course continues as Buragouranga,,,Perennial,,false,,Barishal,Bhola / Patuakhali,,,,,,,,,,,,,,Tentulia,84,,https://en.banglapedia.org/index.php/Tentulia_River,,,,BWDB | Banglapedia,https://en.bwdb.gov.bd/rivers-information|https://en.banglapedia.org/index.php/Tentulia_River,2,high,2026-08-30,,
BD-WB-0112,kumar,Kumar,কুমার,,River,Distributary,,,,,,,,144,,,,,,"Mathabhanga River at Hatboalia, Chuadanga",Nabaganga River near Magura,,,Seasonal,,false,,Khulna / Dhaka,Chuadanga / Jhenaidah / Magura / Faridpur,,,,,,,,,,,,,,Kumar,162,Jessore / Faridpur,https://en.banglapedia.org/index.php/Kumar_River,,,,BWDB | Banglapedia,https://en.bwdb.gov.bd/rivers-information|https://en.banglapedia.org/index.php/Kumar_River|https://en.banglapedia.org/index.php/River,3,medium,2026-08-30,,Banglapedia article gives about 144 km; its major-rivers table lists 162 km.
BD-WB-0113,ichamati-kalindi,Ichamati-Kalindi,ইছামতী-কালিন্দী,Ichamati | Kalindi,River,Transboundary / Boundary River,,,,,,,,,,,,,,Mathabhanga-Ganges deltaic network,Raymangal River / Bay of Bengal,,,Perennial,,true,India,Khulna,Chuadanga / Jhenaidah / Jashore / Satkhira,,,,,,,,,,,,,,Ichamati / Kalindi-Jamuna,,,https://en.banglapedia.org/index.php/Ichamati_River,,,,BWDB | Banglapedia,https://en.bwdb.gov.bd/rivers-information|https://en.banglapedia.org/index.php/Ichamati_River|https://en.banglapedia.org/index.php/Kalindi-Jamuna_River,3,high,2026-08-30,,
BD-WB-0114,raimangal,Raimangal,রায়মঙ্গল,Raymangal,River,Estuarine / Boundary River,,,,,,,,,,,,,,Ichamati-Kalindi system in the Sundarbans,Bay of Bengal,,,Perennial,,true,India,Khulna,Satkhira,,,,,,,,,,,,,,Raymangal,,,https://en.banglapedia.org/index.php/Raymangal_River,,,,BWDB | Banglapedia,https://en.bwdb.gov.bd/rivers-information|https://en.banglapedia.org/index.php/Raymangal_River,2,high,2026-08-30,,
BD-WB-0115,pashur,Pashur,পশুর,Pasur,River,Estuarine River,,,,,,,,,,,,,,,Bay of Bengal through the Sundarbans,,,Perennial,,false,,Khulna,Khulna / Bagerhat,,,,,,,,,,,,,,Rupsa-Pasur,141,Khulna (141),https://en.banglapedia.org/index.php/River,,,,BWDB | Banglapedia,https://en.bwdb.gov.bd/rivers-information|https://en.banglapedia.org/index.php/River,2,medium,2026-08-30,,Banglapedia's 141 km figure is for the combined Rupsa-Pasur system.
BD-WB-0116,andhar-manik,Andhar Manik,আন্ধারমানিক,Andharmanik,River,Coastal River,,Patuakhali,,,,,,,,,,,,,,,,Perennial,,false,,Barishal,Patuakhali,,,,,,,,,,,,,,,,,,,,,BWDB,https://en.bwdb.gov.bd/rivers-information,1,high,2026-08-30,,
BD-WB-0117,betna,Betna,বেতনা,Betna-Kodalia | Betna-Kholpetua,River,Tidal / Transboundary River,,,,,,,,192,,125,,,,Northeastern Jashore region,Kobadak / Marichap-Kholpetua network,,,Seasonal,,true,India,Khulna,Jashore / Satkhira / Khulna,,,,,,,,,,,,,,Betna-Kholpotua,191,Jessore (103) Khulna (88),https://en.banglapedia.org/index.php/Betna_River,,,,BWDB | Banglapedia,https://en.bwdb.gov.bd/rivers-information|https://en.banglapedia.org/index.php/Betna_River|https://en.banglapedia.org/index.php/River,3,medium,2026-08-30,,Banglapedia article gives about 192 km; major-rivers table lists 191 km for Betna-Kholpotua.
BD-WB-0118,ghaghat,Ghaghat,ঘাঘট,,River,Distributary,,,,,,,,236,,,,,,"Former Teesta distributary at Jaldhaka, Nilphamari",Brahmaputra north of Fulchhari Ghat,,,Perennial,,false,,Rangpur,Nilphamari / Rangpur / Gaibandha,,,,,,,,,,,,,,Ghaghat,236,Rangpur (236),https://en.banglapedia.org/index.php/Ghaghat_River,,,,BWDB | Banglapedia,https://en.bwdb.gov.bd/rivers-information|https://en.banglapedia.org/index.php/Ghaghat_River|https://en.banglapedia.org/index.php/River,3,high,2026-08-30,,
BD-WB-0119,chandana-barasia,Chandana-Barasia,চন্দনা-বারাসিয়া,Chandana | Chandana-Arkandi,River,Distributary,,,,,,,,100,,,,,,"Padma off-take at Dahuka, Pangsha, Rajbari",Gorai-Madhumati north of Bhatia Bazar,,,,,false,,Dhaka / Khulna,Rajbari / Faridpur / Gopalganj,,,,,,,,,,,,,,Chandana,,,https://en.banglapedia.org/index.php/Chandana_River,,,,Banglapedia,https://en.banglapedia.org/index.php/Chandana_River,1,medium,2026-08-30,,Approx. 100 km derived from the course segments described by Banglapedia.
BD-WB-0120,little-feni,Little Feni,ছোট ফেনী,,River,Transboundary River,,,,,,,,,,,,,,"Tripura Hills, India",Bamni River near the northeastern Sandwip Channel,,,,,true,India,Chattogram,Cumilla / Noakhali,,,,,,,,,,,,,,Little Feni-Dakatia,195,Noakhali (95) Comilla (100),https://en.banglapedia.org/index.php/Little_Feni_River,,,,Banglapedia,https://en.banglapedia.org/index.php/Little_Feni_River|https://en.banglapedia.org/index.php/River,2,medium,2026-08-30,,Banglapedia's 195 km value is for the combined Little Feni-Dakatia system.
BD-WB-0121,kacha,Kacha,কচা,,River,Coastal / Tidal River,,,,,,,,,,,,,,,,,,Perennial,,false,,Barishal,Pirojpur,,,,,,,,,,,,,,,,,,,,,BWDB,https://en.bwdb.gov.bd/rivers-information,1,high,2026-08-30,,
BD-WB-0122,sandhya,Sandhya,সন্ধ্যা,,River,Southern Delta River,,,,,,,,,,,,,,,,,,Perennial,,false,,Barishal,Barishal / Pirojpur,,,,,,,,,,,,,,,,,,,,,BWDB,https://en.bwdb.gov.bd/rivers-information,1,high,2026-08-30,,
BD-WB-0123,panguchi,Panguchi,পানগুছি,,River,Tidal River,,,,,,,,,,,,,,,,,,Seasonal,,false,,Khulna,Bagerhat,,,,,,,,,,,,,,,,,,,,,BWDB,https://en.bwdb.gov.bd/rivers-information,1,high,2026-08-30,,
BD-WB-0124,rabnabad,Rabnabad,রাবনাবাদ,Ramnabad,River,Estuarine River,,,,,,,,,,,,,,,,,,Perennial,,false,,Barishal,Patuakhali,,,,,,,,,,,,,,,,,,,,,BWDB,https://en.bwdb.gov.bd/rivers-information,1,high,2026-08-30,,
BD-WB-0125,bhogai-kangsha,Bhogai-Kangsha,ভোগাই-কংস,Bhogai | Kangsha | Bhogai-Kangsa,River,Transboundary River System,,,,,,,,,,,,,,"Garo Hills / Meghalaya, India",Dhanu / Meghna river network,,,Perennial,,true,India,Mymensingh,Sherpur / Netrokona,,,,,,,,,,,,,,Bhogai-Kangsa,225,Mymensingh (225),https://en.banglapedia.org/index.php/River,,,,BWDB | Banglapedia,https://en.bwdb.gov.bd/rivers-information|https://en.banglapedia.org/index.php/River,2,high,2026-08-30,,Overlaps conceptually with existing Kangsha row; retain only if the dataset models named river systems separately.
